Workbook

Sheet Pacientes
A1: Nome | B1: Telefone | C1: Email | D1: Origem do Lead | E1: Procedimento de Interesse | F1: Responsável | G1: Data 1º Contato | H1: Marcou Consulta? | I1: Data da Consulta | J1: Compareceu? | K1: Fez Radiografia? | L1: Plano de Tratamento? | M1: Valor do Orçamento (R$) | N1: Fechou Tratamento? | O1: Valor Fechado (R$) | P1: Data Fechamento | Q1: Motivo da Perda | R1: Status Atual | S1: Observações | T1: OrdemStatus (aux) | U1: ChaveBusca (aux) | V1: MêsContato (aux) | W1: MêsFechamento (aux) | X1: ChaveFechado (aux) | Y1: OrdemIndicacao (aux) | Z1: ChaveIndicacao (aux) | AA1: MêsConsulta (aux)
A2: Andrea Reis Ferreira de Melo | B2: (31) 99804-0037 | D2: Indicação | E2: Invisaling | F2: Mariana | G2: 46205 | H2: Sim | I2: 46209 | J2: Sim | K2: Não | L2: Sim | M2: 15000 | N2: Não | Q2: Sem orçamento no momento | R2: =IF(N2="Sim","Fechado (Total)",IF(N2="Parcial","Fechado (Parcial)",IF(N2="Não","Perdido",IF(N2="Pendente","Pendente",IF(N2="Não precisa no momento","Não Precisa no Momento",IF(L2="Sim","Plano de Tratamento",IF(J2="Não","Não Compareceu",IF(J2="Sim","Compareceu",IF(H2="Não","Perdido",IF(H2="Sim","Consulta Marcada",IF(A2="","","Novo Paciente"))))))))))) -> Perdido | S2: Tem outras prioridades, não vai fazer | T2: =IF(A2="","",SUMPRODUCT(($R$2:R2=R2)*($A$2:A2<>""))) -> 1 | U2: =IF(A2="","",R2&"|"&T2) -> Perdido|1 | V2: =IF(G2="","",TEXT(G2,"mm/yyyy")) -> 07/2026 | W2: =IF(P2="","",TEXT(P2,"mm/yyyy")) | X2: =IF(A2="","",IF(OR(R2="Fechado (Total)",R2="Fechado (Parcial)"),"Fechado|"&SUMPRODUCT((($R$2:R2="Fechado (Total)")+($R$2:R2="Fechado (Parcial)"))*($A$2:A2<>"")),"")) | Y2: =IF(A2="","",IF(D2="Indicação",SUMPRODUCT(($D$2:D2="Indicação")*($A$2:A2<>"")),"")) -> 1 | Z2: =IF(Y2="","","Indicacao|"&Y2) -> Indicacao|1 | AA2: =IF(I2="","",TEXT(I2,"mm/yyyy")) -> 07/2026
A3: Julia da Silva Costa | B3: (31) 98479-0759 | D3: Instagram | E3: Invisaling | F3: Natalia | G3: 46202 | H3: Sim | I3: 46210 | J3: Sim | K3: Sim | L3: Sim | M3: 15000 | N3: Sim | O3: 14700 | P3: 46223 | R3: =IF(N3="Sim","Fechado (Total)",IF(N3="Parcial","Fechado (Parcial)",IF(N3="Não","Perdido",IF(N3="Pendente","Pendente",IF(N3="Não precisa no momento","Não Precisa no Momento",IF(L3="Sim","Plano de Tratamento",IF(J3="Não","Não Compareceu",IF(J3="Sim","Compareceu",IF(H3="Não","Perdido",IF(H3="Sim","Consulta Marcada",IF(A3="","","Novo Paciente"))))))))))) -> Fechado (Total) | T3: =IF(A3="","",SUMPRODUCT(($R$2:R3=R3)*($A$2:A3<>""))) -> 1 | U3: =IF(A3="","",R3&"|"&T3) -> Fechado (Total)|1 | V3: =IF(G3="","",TEXT(G3,"mm/yyyy")) -> 06/2026 | W3: =IF(P3="","",TEXT(P3,"mm/yyyy")) -> 07/2026 | X3: =IF(A3="","",IF(OR(R3="Fechado (Total)",R3="Fechado (Parcial)"),"Fechado|"&SUMPRODUCT((($R$2:R3="Fechado (Total)")+($R$2:R3="Fechado (Parcial)"))*($A$2:A3<>"")),"")) -> Fechado|1 | Y3: =IF(A3="","",IF(D3="Indicação",SUMPRODUCT(($D$2:D3="Indicação")*($A$2:A3<>"")),"")) | Z3: =IF(Y3="","","Indicacao|"&Y3) | AA3: =IF(I3="","",TEXT(I3,"mm/yyyy")) -> 07/2026
A4: Hiltonn Muniz Cordeiro | B4: (38) 9969-5811 | D4: Indicação | E4: Invisalign | F4: Mariana | G4: 46149 | H4: Sim | I4: 46169 | J4: Sim | K4: Sim | L4: Sim | M4: 16000 | N4: Não | Q4: Sem orçamento no momento | R4: =IF(N4="Sim","Fechado (Total)",IF(N4="Parcial","Fechado (Parcial)",IF(N4="Não","Perdido",IF(N4="Pendente","Pendente",IF(N4="Não precisa no momento","Não Precisa no Momento",IF(L4="Sim","Plano de Tratamento",IF(J4="Não","Não Compareceu",IF(J4="Sim","Compareceu",IF(H4="Não","Perdido",IF(H4="Sim","Consulta Marcada",IF(A4="","","Novo Paciente"))))))))))) -> Perdido | S4: gastou muito com Dr Marcelo | T4: =IF(A4="","",SUMPRODUCT(($R$2:R4=R4)*($A$2:A4<>""))) -> 2 | U4: =IF(A4="","",R4&"|"&T4) -> Perdido|2 | V4: =IF(G4="","",TEXT(G4,"mm/yyyy")) -> 05/2026 | W4: =IF(P4="","",TEXT(P4,"mm/yyyy")) | X4: =IF(A4="","",IF(OR(R4="Fechado (Total)",R4="Fechado (Parcial)"),"Fechado|"&SUMPRODUCT((($R$2:R4="Fechado (Total)")+($R$2:R4="Fechado (Parcial)"))*($A$2:A4<>"")),"")) | Y4: =IF(A4="","",IF(D4="Indicação",SUMPRODUCT(($D$2:D4="Indicação")*($A$2:A4<>"")),"")) -> 2 | Z4: =IF(Y4="","","Indicacao|"&Y4) -> Indicacao|2 | AA4: =IF(I4="","",TEXT(I4,"mm/yyyy")) -> 05/2026
A5: Fernanda Bueno Teixeira Costa | B5: (31) 7332-8212 | C5: nandabtc@gmail.com | D5: já é paciente | E5: Invisalign | F5: Natalia | G5: 46184 | H5: Sim | I5: 46190 | J5: Sim | K5: Sim | L5: Sim | M5: 12000 | N5: Sim | O5: 11400 | P5: 46211 | R5: =IF(N5="Sim","Fechado (Total)",IF(N5="Parcial","Fechado (Parcial)",IF(N5="Não","Perdido",IF(N5="Pendente","Pendente",IF(N5="Não precisa no momento","Não Precisa no Momento",IF(L5="Sim","Plano de Tratamento",IF(J5="Não","Não Compareceu",IF(J5="Sim","Compareceu",IF(H5="Não","Perdido",IF(H5="Sim","Consulta Marcada",IF(A5="","","Novo Paciente"))))))))))) -> Fechado (Total) | T5: =IF(A5="","",SUMPRODUCT(($R$2:R5=R5)*($A$2:A5<>""))) -> 2 | U5: =IF(A5="","",R5&"|"&T5) -> Fechado (Total)|2 | V5: =IF(G5="","",TEXT(G5,"mm/yyyy")) -> 06/2026 | W5: =IF(P5="","",TEXT(P5,"mm/yyyy")) -> 07/2026 | X5: =IF(A5="","",IF(OR(R5="Fechado (Total)",R5="Fechado (Parcial)"),"Fechado|"&SUMPRODUCT((($R$2:R5="Fechado (Total)")+($R$2:R5="Fechado (Parcial)"))*($A$2:A5<>"")),"")) -> Fechado|2 | Y5: =IF(A5="","",IF(D5="Indicação",SUMPRODUCT(($D$2:D5="Indicação")*($A$2:A5<>"")),"")) | Z5: =IF(Y5="","","Indicacao|"&Y5) | AA5: =IF(I5="","",TEXT(I5,"mm/yyyy")) -> 06/2026
A6: Estevão Nobre Carrato | B6: (31) 8823-0811 | C6: estevaonc@gmail.com | D6: Indicação | E6: Invisalign | F6: Mariana | G6: 46233 | H6: Sim | I6: 46204 | J6: Sim | K6: Sim | L6: Sim | M6: 15000 | N6: Não | Q6: Sem orçamento no momento | R6: =IF(N6="Sim","Fechado (Total)",IF(N6="Parcial","Fechado (Parcial)",IF(N6="Não","Perdido",IF(N6="Pendente","Pendente",IF(N6="Não precisa no momento","Não Precisa no Momento",IF(L6="Sim","Plano de Tratamento",IF(J6="Não","Não Compareceu",IF(J6="Sim","Compareceu",IF(H6="Não","Perdido",IF(H6="Sim","Consulta Marcada",IF(A6="","","Novo Paciente"))))))))))) -> Perdido | S6: Quebrou um dente e vai fazer implante primeiro | T6: =IF(A6="","",SUMPRODUCT(($R$2:R6=R6)*($A$2:A6<>""))) -> 3 | U6: =IF(A6="","",R6&"|"&T6) -> Perdido|3 | V6: =IF(G6="","",TEXT(G6,"mm/yyyy")) -> 07/2026 | W6: =IF(P6="","",TEXT(P6,"mm/yyyy")) | X6: =IF(A6="","",IF(OR(R6="Fechado (Total)",R6="Fechado (Parcial)"),"Fechado|"&SUMPRODUCT((($R$2:R6="Fechado (Total)")+($R$2:R6="Fechado (Parcial)"))*($A$2:A6<>"")),"")) | Y6: =IF(A6="","",IF(D6="Indicação",SUMPRODUCT(($D$2:D6="Indicação")*($A$2:A6<>"")),"")) -> 3 | Z6: =IF(Y6="","","Indicacao|"&Y6) -> Indicacao|3 | AA6: =IF(I6="","",TEXT(I6,"mm/yyyy")) -> 07/2026
A7: Guilherme Moraes | B7: 236 979 1253 | C7: guilerme.moraes@outlook.com | D7: Indicação | E7: Invisalign | F7: Mariana | G7: 46217 | H7: Sim | I7: 46218 | J7: Sim | K7: Sim | L7: Sim | M7: 8924 | N7: Sim | O7: 8567.86 | P7: 46226 | R7: =IF(N7="Sim","Fechado (Total)",IF(N7="Parcial","Fechado (Parcial)",IF(N7="Não","Perdido",IF(N7="Pendente","Pendente",IF(N7="Não precisa no momento","Não Precisa no Momento",IF(L7="Sim","Plano de Tratamento",IF(J7="Não","Não Compareceu",IF(J7="Sim","Compareceu",IF(H7="Não","Perdido",IF(H7="Sim","Consulta Marcada",IF(A7="","","Novo Paciente"))))))))))) -> Fechado (Total) | T7: =IF(A7="","",SUMPRODUCT(($R$2:R7=R7)*($A$2:A7<>""))) -> 3 | U7: =IF(A7="","",R7&"|"&T7) -> Fechado (Total)|3 | V7: =IF(G7="","",TEXT(G7,"mm/yyyy")) -> 07/2026 | W7: =IF(P7="","",TEXT(P7,"mm/yyyy")) -> 07/2026 | X7: =IF(A7="","",IF(OR(R7="Fechado (Total)",R7="Fechado (Parcial)"),"Fechado|"&SUMPRODUCT((($R$2:R7="Fechado (Total)")+($R$2:R7="Fechado (Parcial)"))*($A$2:A7<>"")),"")) -> Fechado|3 | Y7: =IF(A7="","",IF(D7="Indicação",SUMPRODUCT(($D$2:D7="Indicação")*($A$2:A7<>"")),"")) -> 4 | Z7: =IF(Y7="","","Indicacao|"&Y7) -> Indicacao|4 | AA7: =IF(I7="","",TEXT(I7,"mm/yyyy")) -> 07/2026
A8: Bernardo Vieira Bersan El Bizri | B8: (31) 8499-8630 | D8: Indicação | E8: Aparelho Disjuntor | F8: Mariana | G8: 46153 | H8: Sim | I8: 46204 | J8: Sim | K8: Sim | L8: Sim | M8: 4000 | N8: Sim | O8: 3433.17 | P8: 46220 | R8: =IF(N8="Sim","Fechado (Total)",IF(N8="Parcial","Fechado (Parcial)",IF(N8="Não","Perdido",IF(N8="Pendente","Pendente",IF(N8="Não precisa no momento","Não Precisa no Momento",IF(L8="Sim","Plano de Tratamento",IF(J8="Não","Não Compareceu",IF(J8="Sim","Compareceu",IF(H8="Não","Perdido",IF(H8="Sim","Consulta Marcada",IF(A8="","","Novo Paciente"))))))))))) -> Fechado (Total) | T8: =IF(A8="","",SUMPRODUCT(($R$2:R8=R8)*($A$2:A8<>""))) -> 4 | U8: =IF(A8="","",R8&"|"&T8) -> Fechado (Total)|4 | V8: =IF(G8="","",TEXT(G8,"mm/yyyy")) -> 05/2026 | W8: =IF(P8="","",TEXT(P8,"mm/yyyy")) -> 07/2026 | X8: =IF(A8="","",IF(OR(R8="Fechado (Total)",R8="Fechado (Parcial)"),"Fechado|"&SUMPRODUCT((($R$2:R8="Fechado (Total)")+($R$2:R8="Fechado (Parcial)"))*($A$2:A8<>"")),"")) -> Fechado|4 | Y8: =IF(A8="","",IF(D8="Indicação",SUMPRODUCT(($D$2:D8="Indicação")*($A$2:A8<>"")),"")) -> 5 | Z8: =IF(Y8="","","Indicacao|"&Y8) -> Indicacao|5 | AA8: =IF(I8="","",TEXT(I8,"mm/yyyy")) -> 07/2026
A9: Esther Andrade dos Santos | B9: (31) 99387-5247 | C9: cristinamca1@hotmail.com | D9: Indicação | E9: Aparelho Fixo Metálico | F9: Mariana | G9: 45845 | H9: Sim | I9: 46205 | J9: Sim | K9: Sim | L9: Sim | M9: 4000 | N9: Pendente | Q9: Retorna mais para frente | R9: =IF(N9="Sim","Fechado (Total)",IF(N9="Parcial","Fechado (Parcial)",IF(N9="Não","Perdido",IF(N9="Pendente","Pendente",IF(N9="Não precisa no momento","Não Precisa no Momento",IF(L9="Sim","Plano de Tratamento",IF(J9="Não","Não Compareceu",IF(J9="Sim","Compareceu",IF(H9="Não","Perdido",IF(H9="Sim","Consulta Marcada",IF(A9="","","Novo Paciente"))))))))))) -> Pendente | S9: Quer preparar a filha para o aparelho fixo (hyrax e grade) / Chamar em Dezembro | T9: =IF(A9="","",SUMPRODUCT(($R$2:R9=R9)*($A$2:A9<>""))) -> 1 | U9: =IF(A9="","",R9&"|"&T9) -> Pendente|1 | V9: =IF(G9="","",TEXT(G9,"mm/yyyy")) -> 07/2025 | W9: =IF(P9="","",TEXT(P9,"mm/yyyy")) | X9: =IF(A9="","",IF(OR(R9="Fechado (Total)",R9="Fechado (Parcial)"),"Fechado|"&SUMPRODUCT((($R$2:R9="Fechado (Total)")+($R$2:R9="Fechado (Parcial)"))*($A$2:A9<>"")),"")) | Y9: =IF(A9="","",IF(D9="Indicação",SUMPRODUCT(($D$2:D9="Indicação")*($A$2:A9<>"")),"")) -> 6 | Z9: =IF(Y9="","","Indicacao|"&Y9) -> Indicacao|6 | AA9: =IF(I9="","",TEXT(I9,"mm/yyyy")) -> 07/2026
A10: Miguel Gonzalez Bidoia | B10: (31) 98332-3412 | C10: paulobidoia@gmail.com | D10: Indicação | E10: Aparelho Disjuntor | F10: Natalia | G10: 46205 | H10: Sim | I10: 46205 | J10: Sim | K10: Sim | L10: Sim | M10: 7000 | N10: Sim | O10: 6650 | P10: 46218 | R10: =IF(N10="Sim","Fechado (Total)",IF(N10="Parcial","Fechado (Parcial)",IF(N10="Não","Perdido",IF(N10="Pendente","Pendente",IF(N10="Não precisa no momento","Não Precisa no Momento",IF(L10="Sim","Plano de Tratamento",IF(J10="Não","Não Compareceu",IF(J10="Sim","Compareceu",IF(H10="Não","Perdido",IF(H10="Sim","Consulta Marcada",IF(A10="","","Novo Paciente"))))))))))) -> Fechado (Total) | T10: =IF(A10="","",SUMPRODUCT(($R$2:R10=R10)*($A$2:A10<>""))) -> 5 | U10: =IF(A10="","",R10&"|"&T10) -> Fechado (Total)|5 | V10: =IF(G10="","",TEXT(G10,"mm/yyyy")) -> 07/2026 | W10: =IF(P10="","",TEXT(P10,"mm/yyyy")) -> 07/2026 | X10: =IF(A10="","",IF(OR(R10="Fechado (Total)",R10="Fechado (Parcial)"),"Fechado|"&SUMPRODUCT((($R$2:R10="Fechado (Total)")+($R$2:R10="Fechado (Parcial)"))*($A$2:A10<>"")),"")) -> Fechado|5 | Y10: =IF(A10="","",IF(D10="Indicação",SUMPRODUCT(($D$2:D10="Indicação")*($A$2:A10<>"")),"")) -> 7 | Z10: =IF(Y10="","","Indicacao|"&Y10) -> Indicacao|7 | AA10: =IF(I10="","",TEXT(I10,"mm/yyyy")) -> 07/2026
A11: Felipe Ribeiro Tostes de Menezes | B11: (12) 98123-9143 | D11: Indicação | E11: Aparelho Disjuntor | F11: Mariana | G11: 46210 | H11: Sim | I11: 46212 | J11: Sim | K11: Sim | L11: Sim | N11: Não | R11: =IF(N11="Sim","Fechado (Total)",IF(N11="Parcial","Fechado (Parcial)",IF(N11="Não","Perdido",IF(N11="Pendente","Pendente",IF(N11="Não precisa no momento","Não Precisa no Momento",IF(L11="Sim","Plano de Tratamento",IF(J11="Não","Não Compareceu",IF(J11="Sim","Compareceu",IF(H11="Não","Perdido",IF(H11="Sim","Consulta Marcada",IF(A11="","","Novo Paciente"))))))))))) -> Perdido | S11: Vai fazer com outro dentista | T11: =IF(A11="","",SUMPRODUCT(($R$2:R11=R11)*($A$2:A11<>""))) -> 4 | U11: =IF(A11="","",R11&"|"&T11) -> Perdido|4 | V11: =IF(G11="","",TEXT(G11,"mm/yyyy")) -> 07/2026 | W11: =IF(P11="","",TEXT(P11,"mm/yyyy")) | X11: =IF(A11="","",IF(OR(R11="Fechado (Total)",R11="Fechado (Parcial)"),"Fechado|"&SUMPRODUCT((($R$2:R11="Fechado (Total)")+($R$2:R11="Fechado (Parcial)"))*($A$2:A11<>"")),"")) | Y11: =IF(A11="","",IF(D11="Indicação",SUMPRODUCT(($D$2:D11="Indicação")*($A$2:A11<>"")),"")) -> 8 | Z11: =IF(Y11="","","Indicacao|"&Y11) -> Indicacao|8 | AA11: =IF(I11="","",TEXT(I11,"mm/yyyy")) -> 07/2026
A12: Gabriela Ribeiro Tostes de Menezes | B12: (12) 98123-9143 | D12: Indicação | E12: Arco Lingual | F12: Mariana | G12: 46210 | H12: Sim | I12: 46212 | J12: Sim | K12: Sim | L12: Sim | M12: 10000 | N12: Não | R12: =IF(N12="Sim","Fechado (Total)",IF(N12="Parcial","Fechado (Parcial)",IF(N12="Não","Perdido",IF(N12="Pendente","Pendente",IF(N12="Não precisa no momento","Não Precisa no Momento",IF(L12="Sim","Plano de Tratamento",IF(J12="Não","Não Compareceu",IF(J12="Sim","Compareceu",IF(H12="Não","Perdido",IF(H12="Sim","Consulta Marcada",IF(A12="","","Novo Paciente"))))))))))) -> Perdido | S12: Vai fazer com outro dentista | T12: =IF(A12="","",SUMPRODUCT(($R$2:R12=R12)*($A$2:A12<>""))) -> 5 | U12: =IF(A12="","",R12&"|"&T12) -> Perdido|5 | V12: =IF(G12="","",TEXT(G12,"mm/yyyy")) -> 07/2026 | W12: =IF(P12="","",TEXT(P12,"mm/yyyy")) | X12: =IF(A12="","",IF(OR(R12="Fechado (Total)",R12="Fechado (Parcial)"),"Fechado|"&SUMPRODUCT((($R$2:R12="Fechado (Total)")+($R$2:R12="Fechado (Parcial)"))*($A$2:A12<>"")),"")) | Y12: =IF(A12="","",IF(D12="Indicação",SUMPRODUCT(($D$2:D12="Indicação")*($A$2:A12<>"")),"")) -> 9 | Z12: =IF(Y12="","","Indicacao|"&Y12) -> Indicacao|9 | AA12: =IF(I12="","",TEXT(I12,"mm/yyyy")) -> 07/2026
A13: Ana Cláudia Ribeiro Marzinetti Dias | B13: (31) 9149-3499 | D13: Indicação | E13: Invisa/aparelho fixo | F13: Mariana | G13: 46213 | H13: Sim | I13: 46216 | J13: Sim | K13: Não | L13: Não | M13: 15000 | N13: Não | R13: =IF(N13="Sim","Fechado (Total)",IF(N13="Parcial","Fechado (Parcial)",IF(N13="Não","Perdido",IF(N13="Pendente","Pendente",IF(N13="Não precisa no momento","Não Precisa no Momento",IF(L13="Sim","Plano de Tratamento",IF(J13="Não","Não Compareceu",IF(J13="Sim","Compareceu",IF(H13="Não","Perdido",IF(H13="Sim","Consulta Marcada",IF(A13="","","Novo Paciente"))))))))))) -> Perdido | S13: Ainda não fez as radiografias / Disse que vai esperar para fazer o tratamento, não vai fazer por agora | T13: =IF(A13="","",SUMPRODUCT(($R$2:R13=R13)*($A$2:A13<>""))) -> 6 | U13: =IF(A13="","",R13&"|"&T13) -> Perdido|6 | V13: =IF(G13="","",TEXT(G13,"mm/yyyy")) -> 07/2026 | W13: =IF(P13="","",TEXT(P13,"mm/yyyy")) | X13: =IF(A13="","",IF(OR(R13="Fechado (Total)",R13="Fechado (Parcial)"),"Fechado|"&SUMPRODUCT((($R$2:R13="Fechado (Total)")+($R$2:R13="Fechado (Parcial)"))*($A$2:A13<>"")),"")) | Y13: =IF(A13="","",IF(D13="Indicação",SUMPRODUCT(($D$2:D13="Indicação")*($A$2:A13<>"")),"")) -> 10 | Z13: =IF(Y13="","","Indicacao|"&Y13) -> Indicacao|10 | AA13: =IF(I13="","",TEXT(I13,"mm/yyyy")) -> 07/2026
A14: Laura Gomes Souto Morato | B14: (31) 99615-3970 | C14: laura.gomesmorato@gmail.com | D14: Indicação | E14: Criança | F14: Mariana | G14: 46205 | H14: Sim | I14: 46211 | J14: Sim | K14: Sim | L14: Sim | M14: 15800 | N14: Sim | O14: 15800 | P14: 46252 | Q14: Retorna mais para frente | R14: =IF(N14="Sim","Fechado (Total)",IF(N14="Parcial","Fechado (Parcial)",IF(N14="Não","Perdido",IF(N14="Pendente","Pendente",IF(N14="Não precisa no momento","Não Precisa no Momento",IF(L14="Sim","Plano de Tratamento",IF(J14="Não","Não Compareceu",IF(J14="Sim","Compareceu",IF(H14="Não","Perdido",IF(H14="Sim","Consulta Marcada",IF(A14="","","Novo Paciente"))))))))))) -> Fechado (Total) | S14: Volta de viagem dia 4 de Agosto | T14: =IF(A14="","",SUMPRODUCT(($R$2:R14=R14)*($A$2:A14<>""))) -> 6 | U14: =IF(A14="","",R14&"|"&T14) -> Fechado (Total)|6 | V14: =IF(G14="","",TEXT(G14,"mm/yyyy")) -> 07/2026 | W14: =IF(P14="","",TEXT(P14,"mm/yyyy")) -> 08/2026 | X14: =IF(A14="","",IF(OR(R14="Fechado (Total)",R14="Fechado (Parcial)"),"Fechado|"&SUMPRODUCT((($R$2:R14="Fechado (Total)")+($R$2:R14="Fechado (Parcial)"))*($A$2:A14<>"")),"")) -> Fechado|6 | Y14: =IF(A14="","",IF(D14="Indicação",SUMPRODUCT(($D$2:D14="Indicação")*($A$2:A14<>"")),"")) -> 11 | Z14: =IF(Y14="","","Indicacao|"&Y14) -> Indicacao|11 | AA14: =IF(I14="","",TEXT(I14,"mm/yyyy")) -> 07/2026
A15: João Gabriel Pinto Coelho Barbosa | B15: (31) 9648-3708 | C15: carolpcsantos@gmail.com | D15: Indicação | E15: Limpeza + avaliação Ortodôntica | F15: Mariana | G15: 46210 | H15: Sim | I15: 46241 | J15: Sim | K15: Sim | L15: Sim | M15: 3800 | N15: Não | R15: =IF(N15="Sim","Fechado (Total)",IF(N15="Parcial","Fechado (Parcial)",IF(N15="Não","Perdido",IF(N15="Pendente","Pendente",IF(N15="Não precisa no momento","Não Precisa no Momento",IF(L15="Sim","Plano de Tratamento",IF(J15="Não","Não Compareceu",IF(J15="Sim","Compareceu",IF(H15="Não","Perdido",IF(H15="Sim","Consulta Marcada",IF(A15="","","Novo Paciente"))))))))))) -> Perdido | T15: =IF(A15="","",SUMPRODUCT(($R$2:R15=R15)*($A$2:A15<>""))) -> 7 | U15: =IF(A15="","",R15&"|"&T15) -> Perdido|7 | V15: =IF(G15="","",TEXT(G15,"mm/yyyy")) -> 07/2026 | W15: =IF(P15="","",TEXT(P15,"mm/yyyy")) | X15: =IF(A15="","",IF(OR(R15="Fechado (Total)",R15="Fechado (Parcial)"),"Fechado|"&SUMPRODUCT((($R$2:R15="Fechado (Total)")+($R$2:R15="Fechado (Parcial)"))*($A$2:A15<>"")),"")) | Y15: =IF(A15="","",IF(D15="Indicação",SUMPRODUCT(($D$2:D15="Indicação")*($A$2:A15<>"")),"")) -> 12 | Z15: =IF(Y15="","","Indicacao|"&Y15) -> Indicacao|12 | AA15: =IF(I15="","",TEXT(I15,"mm/yyyy")) -> 08/2026
A16: Miguel Oliveira Souza | B16: (31) 9131-2159 | C16: lucarmooliveira311@gmail.com | D16: Indicação | E16: Aparelho Fixo Metálico | F16: Natalia | G16: 46203 | H16: Sim | I16: 46217 | J16: Sim | K16: Sim | L16: Sim | M16: 2000 | N16: Sim | O16: 1941 | P16: 46217 | R16: =IF(N16="Sim","Fechado (Total)",IF(N16="Parcial","Fechado (Parcial)",IF(N16="Não","Perdido",IF(N16="Pendente","Pendente",IF(N16="Não precisa no momento","Não Precisa no Momento",IF(L16="Sim","Plano de Tratamento",IF(J16="Não","Não Compareceu",IF(J16="Sim","Compareceu",IF(H16="Não","Perdido",IF(H16="Sim","Consulta Marcada",IF(A16="","","Novo Paciente"))))))))))) -> Fechado (Total) | T16: =IF(A16="","",SUMPRODUCT(($R$2:R16=R16)*($A$2:A16<>""))) -> 7 | U16: =IF(A16="","",R16&"|"&T16) -> Fechado (Total)|7 | V16: =IF(G16="","",TEXT(G16,"mm/yyyy")) -> 06/2026 | W16: =IF(P16="","",TEXT(P16,"mm/yyyy")) -> 07/2026 | X16: =IF(A16="","",IF(OR(R16="Fechado (Total)",R16="Fechado (Parcial)"),"Fechado|"&SUMPRODUCT((($R$2:R16="Fechado (Total)")+($R$2:R16="Fechado (Parcial)"))*($A$2:A16<>"")),"")) -> Fechado|7 | Y16: =IF(A16="","",IF(D16="Indicação",SUMPRODUCT(($D$2:D16="Indicação")*($A$2:A16<>"")),"")) -> 13 | Z16: =IF(Y16="","","Indicacao|"&Y16) -> Indicacao|13 | AA16: =IF(I16="","",TEXT(I16,"mm/yyyy")) -> 07/2026
A17: Felipe da Cunha Pereira Rocha Lacerda | B17: (31) 9973-7100 | D17: Indicação | E17: Invisalign | F17: Natalia | G17: 46198 | H17: Sim | I17: 46218 | J17: Sim | K17: Sim | L17: Sim | M17: 11500 | N17: Pendente | R17: =IF(N17="Sim","Fechado (Total)",IF(N17="Parcial","Fechado (Parcial)",IF(N17="Não","Perdido",IF(N17="Pendente","Pendente",IF(N17="Não precisa no momento","Não Precisa no Momento",IF(L17="Sim","Plano de Tratamento",IF(J17="Não","Não Compareceu",IF(J17="Sim","Compareceu",IF(H17="Não","Perdido",IF(H17="Sim","Consulta Marcada",IF(A17="","","Novo Paciente"))))))))))) -> Pendente | T17: =IF(A17="","",SUMPRODUCT(($R$2:R17=R17)*($A$2:A17<>""))) -> 2 | U17: =IF(A17="","",R17&"|"&T17) -> Pendente|2 | V17: =IF(G17="","",TEXT(G17,"mm/yyyy")) -> 06/2026 | W17: =IF(P17="","",TEXT(P17,"mm/yyyy")) | X17: =IF(A17="","",IF(OR(R17="Fechado (Total)",R17="Fechado (Parcial)"),"Fechado|"&SUMPRODUCT((($R$2:R17="Fechado (Total)")+($R$2:R17="Fechado (Parcial)"))*($A$2:A17<>"")),"")) | Y17: =IF(A17="","",IF(D17="Indicação",SUMPRODUCT(($D$2:D17="Indicação")*($A$2:A17<>"")),"")) -> 14 | Z17: =IF(Y17="","","Indicacao|"&Y17) -> Indicacao|14 | AA17: =IF(I17="","",TEXT(I17,"mm/yyyy")) -> 07/2026
A18: Gabriel da Rocha Bastos | B18: (31) 8895-5842 | D18: Indicação | E18: Fixo | F18: Natalia | G18: 46213 | H18: Sim | I18: 46218 | J18: Sim | K18: Sim | R18: =IF(N18="Sim","Fechado (Total)",IF(N18="Parcial","Fechado (Parcial)",IF(N18="Não","Perdido",IF(N18="Pendente","Pendente",IF(N18="Não precisa no momento","Não Precisa no Momento",IF(L18="Sim","Plano de Tratamento",IF(J18="Não","Não Compareceu",IF(J18="Sim","Compareceu",IF(H18="Não","Perdido",IF(H18="Sim","Consulta Marcada",IF(A18="","","Novo Paciente"))))))))))) -> Compareceu | T18: =IF(A18="","",SUMPRODUCT(($R$2:R18=R18)*($A$2:A18<>""))) -> 1 | U18: =IF(A18="","",R18&"|"&T18) -> Compareceu|1 | V18: =IF(G18="","",TEXT(G18,"mm/yyyy")) -> 07/2026 | W18: =IF(P18="","",TEXT(P18,"mm/yyyy")) | X18: =IF(A18="","",IF(OR(R18="Fechado (Total)",R18="Fechado (Parcial)"),"Fechado|"&SUMPRODUCT((($R$2:R18="Fechado (Total)")+($R$2:R18="Fechado (Parcial)"))*($A$2:A18<>"")),"")) | Y18: =IF(A18="","",IF(D18="Indicação",SUMPRODUCT(($D$2:D18="Indicação")*($A$2:A18<>"")),"")) -> 15 | Z18: =IF(Y18="","","Indicacao|"&Y18) -> Indicacao|15 | AA18: =IF(I18="","",TEXT(I18,"mm/yyyy")) -> 07/2026
A19: Fernando Ferreira Medeiros | B19: (31) 9977-8270 | D19: Indicação | E19: Invisalign | F19: Natalia | G19: 46162 | H19: Sim | I19: 46199 | J19: Sim | K19: Sim | L19: Sim | M19: 13000 | N19: Pendente | R19: =IF(N19="Sim","Fechado (Total)",IF(N19="Parcial","Fechado (Parcial)",IF(N19="Não","Perdido",IF(N19="Pendente","Pendente",IF(N19="Não precisa no momento","Não Precisa no Momento",IF(L19="Sim","Plano de Tratamento",IF(J19="Não","Não Compareceu",IF(J19="Sim","Compareceu",IF(H19="Não","Perdido",IF(H19="Sim","Consulta Marcada",IF(A19="","","Novo Paciente"))))))))))) -> Pendente | S19: ainda não nos deu retorna a respeito | T19: =IF(A19="","",SUMPRODUCT(($R$2:R19=R19)*($A$2:A19<>""))) -> 3 | U19: =IF(A19="","",R19&"|"&T19) -> Pendente|3 | V19: =IF(G19="","",TEXT(G19,"mm/yyyy")) -> 05/2026 | W19: =IF(P19="","",TEXT(P19,"mm/yyyy")) | X19: =IF(A19="","",IF(OR(R19="Fechado (Total)",R19="Fechado (Parcial)"),"Fechado|"&SUMPRODUCT((($R$2:R19="Fechado (Total)")+($R$2:R19="Fechado (Parcial)"))*($A$2:A19<>"")),"")) | Y19: =IF(A19="","",IF(D19="Indicação",SUMPRODUCT(($D$2:D19="Indicação")*($A$2:A19<>"")),"")) -> 16 | Z19: =IF(Y19="","","Indicacao|"&Y19) -> Indicacao|16 | AA19: =IF(I19="","",TEXT(I19,"mm/yyyy")) -> 06/2026
A20: Lavinia Ferreira de La Fuente | B20: (31) 99427-1121 | C20: nataliaedanilo@hotmail.com | D20: Indicação | E20: Criança | F20: Mariana | G20: 46254 | H20: Sim | I20: 46225 | J20: Sim | K20: Sim | L20: Sim | M20: 0 | N20: Sim | O20: 0 | P20: 46231 | R20: =IF(N20="Sim","Fechado (Total)",IF(N20="Parcial","Fechado (Parcial)",IF(N20="Não","Perdido",IF(N20="Pendente","Pendente",IF(N20="Não precisa no momento","Não Precisa no Momento",IF(L20="Sim","Plano de Tratamento",IF(J20="Não","Não Compareceu",IF(J20="Sim","Compareceu",IF(H20="Não","Perdido",IF(H20="Sim","Consulta Marcada",IF(A20="","","Novo Paciente"))))))))))) -> Fechado (Total) | S20: Não foi cobrado | T20: =IF(A20="","",SUMPRODUCT(($R$2:R20=R20)*($A$2:A20<>""))) -> 8 | U20: =IF(A20="","",R20&"|"&T20) -> Fechado (Total)|8 | V20: =IF(G20="","",TEXT(G20,"mm/yyyy")) -> 08/2026 | W20: =IF(P20="","",TEXT(P20,"mm/yyyy")) -> 07/2026 | X20: =IF(A20="","",IF(OR(R20="Fechado (Total)",R20="Fechado (Parcial)"),"Fechado|"&SUMPRODUCT((($R$2:R20="Fechado (Total)")+($R$2:R20="Fechado (Parcial)"))*($A$2:A20<>"")),"")) -> Fechado|8 | Y20: =IF(A20="","",IF(D20="Indicação",SUMPRODUCT(($D$2:D20="Indicação")*($A$2:A20<>"")),"")) -> 17 | Z20: =IF(Y20="","","Indicacao|"&Y20) -> Indicacao|17 | AA20: =IF(I20="","",TEXT(I20,"mm/yyyy")) -> 07/2026
A21: Vitor Mesquita Carlos Gomes | B21: (31) 8200-2267 | C21: vitormesquita253@gmail.com | D21: Indicação | E21: Invisalign | F21: Mariana | G21: 46226 | H21: Sim | I21: 46231 | J21: Sim | K21: Sim | L21: Sim | M21: 6000 | N21: Sim | O21: 5383 | P21: 46231 | R21: =IF(N21="Sim","Fechado (Total)",IF(N21="Parcial","Fechado (Parcial)",IF(N21="Não","Perdido",IF(N21="Pendente","Pendente",IF(N21="Não precisa no momento","Não Precisa no Momento",IF(L21="Sim","Plano de Tratamento",IF(J21="Não","Não Compareceu",IF(J21="Sim","Compareceu",IF(H21="Não","Perdido",IF(H21="Sim","Consulta Marcada",IF(A21="","","Novo Paciente"))))))))))) -> Fechado (Total) | T21: =IF(A21="","",SUMPRODUCT(($R$2:R21=R21)*($A$2:A21<>""))) -> 9 | U21: =IF(A21="","",R21&"|"&T21) -> Fechado (Total)|9 | V21: =IF(G21="","",TEXT(G21,"mm/yyyy")) -> 07/2026 | W21: =IF(P21="","",TEXT(P21,"mm/yyyy")) -> 07/2026 | X21: =IF(A21="","",IF(OR(R21="Fechado (Total)",R21="Fechado (Parcial)"),"Fechado|"&SUMPRODUCT((($R$2:R21="Fechado (Total)")+($R$2:R21="Fechado (Parcial)"))*($A$2:A21<>"")),"")) -> Fechado|9 | Y21: =IF(A21="","",IF(D21="Indicação",SUMPRODUCT(($D$2:D21="Indicação")*($A$2:A21<>"")),"")) -> 18 | Z21: =IF(Y21="","","Indicacao|"&Y21) -> Indicacao|18 | AA21: =IF(I21="","",TEXT(I21,"mm/yyyy")) -> 07/2026
A22: Monica Maria Alves Pereira | B22: (31) 9896-3333 | D22: Indicação | E22: Invisalign | F22: Mariana | G22: 46233 | H22: Sim | I22: 46234 | J22: Sim | K22: Sim | L22: Sim | M22: 15800 | N22: Sim | O22: 15800 | P22: 46245 | R22: =IF(N22="Sim","Fechado (Total)",IF(N22="Parcial","Fechado (Parcial)",IF(N22="Não","Perdido",IF(N22="Pendente","Pendente",IF(N22="Não precisa no momento","Não Precisa no Momento",IF(L22="Sim","Plano de Tratamento",IF(J22="Não","Não Compareceu",IF(J22="Sim","Compareceu",IF(H22="Não","Perdido",IF(H22="Sim","Consulta Marcada",IF(A22="","","Novo Paciente"))))))))))) -> Fechado (Total) | T22: =IF(A22="","",SUMPRODUCT(($R$2:R22=R22)*($A$2:A22<>""))) -> 10 | U22: =IF(A22="","",R22&"|"&T22) -> Fechado (Total)|10 | V22: =IF(G22="","",TEXT(G22,"mm/yyyy")) -> 07/2026 | W22: =IF(P22="","",TEXT(P22,"mm/yyyy")) -> 08/2026 | X22: =IF(A22="","",IF(OR(R22="Fechado (Total)",R22="Fechado (Parcial)"),"Fechado|"&SUMPRODUCT((($R$2:R22="Fechado (Total)")+($R$2:R22="Fechado (Parcial)"))*($A$2:A22<>"")),"")) -> Fechado|10 | Y22: =IF(A22="","",IF(D22="Indicação",SUMPRODUCT(($D$2:D22="Indicação")*($A$2:A22<>"")),"")) -> 19 | Z22: =IF(Y22="","","Indicacao|"&Y22) -> Indicacao|19 | AA22: =IF(I22="","",TEXT(I22,"mm/yyyy")) -> 07/2026
A23: Serena Catão de Miranda | B23: (31) 99909-2329 | C23: marcilioadvocacia@gmail.com | D23: já é paciente | E23: Invisalign | F23: Natalia | G23: 46227 | H23: Sim | I23: 46238 | J23: Sim | K23: Sim | L23: Sim | M23: 16000 | N23: Pendente | R23: =IF(N23="Sim","Fechado (Total)",IF(N23="Parcial","Fechado (Parcial)",IF(N23="Não","Perdido",IF(N23="Pendente","Pendente",IF(N23="Não precisa no momento","Não Precisa no Momento",IF(L23="Sim","Plano de Tratamento",IF(J23="Não","Não Compareceu",IF(J23="Sim","Compareceu",IF(H23="Não","Perdido",IF(H23="Sim","Consulta Marcada",IF(A23="","","Novo Paciente"))))))))))) -> Pendente | T23: =IF(A23="","",SUMPRODUCT(($R$2:R23=R23)*($A$2:A23<>""))) -> 4 | U23: =IF(A23="","",R23&"|"&T23) -> Pendente|4 | V23: =IF(G23="","",TEXT(G23,"mm/yyyy")) -> 07/2026 | W23: =IF(P23="","",TEXT(P23,"mm/yyyy")) | X23: =IF(A23="","",IF(OR(R23="Fechado (Total)",R23="Fechado (Parcial)"),"Fechado|"&SUMPRODUCT((($R$2:R23="Fechado (Total)")+($R$2:R23="Fechado (Parcial)"))*($A$2:A23<>"")),"")) | Y23: =IF(A23="","",IF(D23="Indicação",SUMPRODUCT(($D$2:D23="Indicação")*($A$2:A23<>"")),"")) | Z23: =IF(Y23="","","Indicacao|"&Y23) | AA23: =IF(I23="","",TEXT(I23,"mm/yyyy")) -> 08/2026
A24: Camila de Almeida Teixeira Nominato | B24: (31) 99946-7948 | C24: teixeira.caa@gmail.com | D24: já é paciente | E24: Invisalign | F24: Mariana | G24: 46264 | H24: Sim | I24: 46265 | J24: Sim | K24: Não | L24: Sim | M24: 13500 | N24: Sim | O24: 11743.35 | P24: 46265 | R24: =IF(N24="Sim","Fechado (Total)",IF(N24="Parcial","Fechado (Parcial)",IF(N24="Não","Perdido",IF(N24="Pendente","Pendente",IF(N24="Não precisa no momento","Não Precisa no Momento",IF(L24="Sim","Plano de Tratamento",IF(J24="Não","Não Compareceu",IF(J24="Sim","Compareceu",IF(H24="Não","Perdido",IF(H24="Sim","Consulta Marcada",IF(A24="","","Novo Paciente"))))))))))) -> Fechado (Total) | T24: =IF(A24="","",SUMPRODUCT(($R$2:R24=R24)*($A$2:A24<>""))) -> 11 | U24: =IF(A24="","",R24&"|"&T24) -> Fechado (Total)|11 | V24: =IF(G24="","",TEXT(G24,"mm/yyyy")) -> 08/2026 | W24: =IF(P24="","",TEXT(P24,"mm/yyyy")) -> 08/2026 | X24: =IF(A24="","",IF(OR(R24="Fechado (Total)",R24="Fechado (Parcial)"),"Fechado|"&SUMPRODUCT((($R$2:R24="Fechado (Total)")+($R$2:R24="Fechado (Parcial)"))*($A$2:A24<>"")),"")) -> Fechado|11 | Y24: =IF(A24="","",IF(D24="Indicação",SUMPRODUCT(($D$2:D24="Indicação")*($A$2:A24<>"")),"")) | Z24: =IF(Y24="","","Indicacao|"&Y24) | AA24: =IF(I24="","",TEXT(I24,"mm/yyyy")) -> 08/2026
A25: João Gabriel Cardoso de Oliveira | B25: (31) 9810-9624 | C25: carolinadacruzcardoso@gmail.com | D25: já é paciente | E25: Criança | F25: Mariana | G25: 45511 | R25: =IF(N25="Sim","Fechado (Total)",IF(N25="Parcial","Fechado (Parcial)",IF(N25="Não","Perdido",IF(N25="Pendente","Pendente",IF(N25="Não precisa no momento","Não Precisa no Momento",IF(L25="Sim","Plano de Tratamento",IF(J25="Não","Não Compareceu",IF(J25="Sim","Compareceu",IF(H25="Não","Perdido",IF(H25="Sim","Consulta Marcada",IF(A25="","","Novo Paciente"))))))))))) -> Novo Paciente | T25: =IF(A25="","",SUMPRODUCT(($R$2:R25=R25)*($A$2:A25<>""))) -> 1 | U25: =IF(A25="","",R25&"|"&T25) -> Novo Paciente|1 | V25: =IF(G25="","",TEXT(G25,"mm/yyyy")) -> 08/2024 | W25: =IF(P25="","",TEXT(P25,"mm/yyyy")) | X25: =IF(A25="","",IF(OR(R25="Fechado (Total)",R25="Fechado (Parcial)"),"Fechado|"&SUMPRODUCT((($R$2:R25="Fechado (Total)")+($R$2:R25="Fechado (Parcial)"))*($A$2:A25<>"")),"")) | Y25: =IF(A25="","",IF(D25="Indicação",SUMPRODUCT(($D$2:D25="Indicação")*($A$2:A25<>"")),"")) | Z25: =IF(Y25="","","Indicacao|"&Y25) | AA25: =IF(I25="","",TEXT(I25,"mm/yyyy"))
A26: Christiane Alves Esteves Diniz Guerra | B26: (917) 570-1155 | D26: Indicação | E26: Invisalign | F26: Mariana | G26: 46153 | H26: Sim | I26: 46227 | J26: Sim | K26: Sim | L26: Sim | M26: 12000 | N26: Sim | O26: 10000 | P26: 46240 | R26: =IF(N26="Sim","Fechado (Total)",IF(N26="Parcial","Fechado (Parcial)",IF(N26="Não","Perdido",IF(N26="Pendente","Pendente",IF(N26="Não precisa no momento","Não Precisa no Momento",IF(L26="Sim","Plano de Tratamento",IF(J26="Não","Não Compareceu",IF(J26="Sim","Compareceu",IF(H26="Não","Perdido",IF(H26="Sim","Consulta Marcada",IF(A26="","","Novo Paciente"))))))))))) -> Fechado (Total) | S26: Vai pagar 6mil em Agosto e 4mil em Novembro | T26: =IF(A26="","",SUMPRODUCT(($R$2:R26=R26)*($A$2:A26<>""))) -> 12 | U26: =IF(A26="","",R26&"|"&T26) -> Fechado (Total)|12 | V26: =IF(G26="","",TEXT(G26,"mm/yyyy")) -> 05/2026 | W26: =IF(P26="","",TEXT(P26,"mm/yyyy")) -> 08/2026 | X26: =IF(A26="","",IF(OR(R26="Fechado (Total)",R26="Fechado (Parcial)"),"Fechado|"&SUMPRODUCT((($R$2:R26="Fechado (Total)")+($R$2:R26="Fechado (Parcial)"))*($A$2:A26<>"")),"")) -> Fechado|12 | Y26: =IF(A26="","",IF(D26="Indicação",SUMPRODUCT(($D$2:D26="Indicação")*($A$2:A26<>"")),"")) -> 20 | Z26: =IF(Y26="","","Indicacao|"&Y26) -> Indicacao|20 | AA26: =IF(I26="","",TEXT(I26,"mm/yyyy")) -> 07/2026
A27: Kezia Cristina Teodoro dos Santos | B27: (31) 9429-4140 | C27: keziac_santos@yahoo.com.br | D27: Indicação | E27: Invisalign / Fixo | F27: Natalia | G27: 46238 | H27: Sim | I27: 46239 | J27: Sim | K27: Sim | L27: Sim | M27: 14000 | N27: Pendente | R27: =IF(N27="Sim","Fechado (Total)",IF(N27="Parcial","Fechado (Parcial)",IF(N27="Não","Perdido",IF(N27="Pendente","Pendente",IF(N27="Não precisa no momento","Não Precisa no Momento",IF(L27="Sim","Plano de Tratamento",IF(J27="Não","Não Compareceu",IF(J27="Sim","Compareceu",IF(H27="Não","Perdido",IF(H27="Sim","Consulta Marcada",IF(A27="","","Novo Paciente"))))))))))) -> Pendente | T27: =IF(A27="","",SUMPRODUCT(($R$2:R27=R27)*($A$2:A27<>""))) -> 5 | U27: =IF(A27="","",R27&"|"&T27) -> Pendente|5 | V27: =IF(G27="","",TEXT(G27,"mm/yyyy")) -> 08/2026 | W27: =IF(P27="","",TEXT(P27,"mm/yyyy")) | X27: =IF(A27="","",IF(OR(R27="Fechado (Total)",R27="Fechado (Parcial)"),"Fechado|"&SUMPRODUCT((($R$2:R27="Fechado (Total)")+($R$2:R27="Fechado (Parcial)"))*($A$2:A27<>"")),"")) | Y27: =IF(A27="","",IF(D27="Indicação",SUMPRODUCT(($D$2:D27="Indicação")*($A$2:A27<>"")),"")) -> 21 | Z27: =IF(Y27="","","Indicacao|"&Y27) -> Indicacao|21 | AA27: =IF(I27="","",TEXT(I27,"mm/yyyy")) -> 08/2026
A28: Izabela Maia Resende | B28: (31) 9937-7621 | C28: marielasoutomaia@gmail.com | D28: Indicação | E28: Invisalign | F28: Natalia | G28: 46238 | H28: Sim | I28: 46239 | J28: Sim | K28: Sim | L28: Sim | M28: 16200 | N28: Sim | O28: 16200 | P28: 46245 | R28: =IF(N28="Sim","Fechado (Total)",IF(N28="Parcial","Fechado (Parcial)",IF(N28="Não","Perdido",IF(N28="Pendente","Pendente",IF(N28="Não precisa no momento","Não Precisa no Momento",IF(L28="Sim","Plano de Tratamento",IF(J28="Não","Não Compareceu",IF(J28="Sim","Compareceu",IF(H28="Não","Perdido",IF(H28="Sim","Consulta Marcada",IF(A28="","","Novo Paciente"))))))))))) -> Fechado (Total) | T28: =IF(A28="","",SUMPRODUCT(($R$2:R28=R28)*($A$2:A28<>""))) -> 13 | U28: =IF(A28="","",R28&"|"&T28) -> Fechado (Total)|13 | V28: =IF(G28="","",TEXT(G28,"mm/yyyy")) -> 08/2026 | W28: =IF(P28="","",TEXT(P28,"mm/yyyy")) -> 08/2026 | X28: =IF(A28="","",IF(OR(R28="Fechado (Total)",R28="Fechado (Parcial)"),"Fechado|"&SUMPRODUCT((($R$2:R28="Fechado (Total)")+($R$2:R28="Fechado (Parcial)"))*($A$2:A28<>"")),"")) -> Fechado|13 | Y28: =IF(A28="","",IF(D28="Indicação",SUMPRODUCT(($D$2:D28="Indicação")*($A$2:A28<>"")),"")) -> 22 | Z28: =IF(Y28="","","Indicacao|"&Y28) -> Indicacao|22 | AA28: =IF(I28="","",TEXT(I28,"mm/yyyy")) -> 08/2026
A29: Eduardo Lamaita Figueiredo | B29: (31) 8264-9025 | C29: lu_lamaita@hotmail.com | D29: Indicação | E29: Criança | F29: Natalia | G29: 46239 | H29: Sim | I29: 46246 | J29: Sim | K29: Sim | L29: Sim | N29: Pendente | R29: =IF(N29="Sim","Fechado (Total)",IF(N29="Parcial","Fechado (Parcial)",IF(N29="Não","Perdido",IF(N29="Pendente","Pendente",IF(N29="Não precisa no momento","Não Precisa no Momento",IF(L29="Sim","Plano de Tratamento",IF(J29="Não","Não Compareceu",IF(J29="Sim","Compareceu",IF(H29="Não","Perdido",IF(H29="Sim","Consulta Marcada",IF(A29="","","Novo Paciente"))))))))))) -> Pendente | T29: =IF(A29="","",SUMPRODUCT(($R$2:R29=R29)*($A$2:A29<>""))) -> 6 | U29: =IF(A29="","",R29&"|"&T29) -> Pendente|6 | V29: =IF(G29="","",TEXT(G29,"mm/yyyy")) -> 08/2026 | W29: =IF(P29="","",TEXT(P29,"mm/yyyy")) | X29: =IF(A29="","",IF(OR(R29="Fechado (Total)",R29="Fechado (Parcial)"),"Fechado|"&SUMPRODUCT((($R$2:R29="Fechado (Total)")+($R$2:R29="Fechado (Parcial)"))*($A$2:A29<>"")),"")) | Y29: =IF(A29="","",IF(D29="Indicação",SUMPRODUCT(($D$2:D29="Indicação")*($A$2:A29<>"")),"")) -> 23 | Z29: =IF(Y29="","","Indicacao|"&Y29) -> Indicacao|23 | AA29: =IF(I29="","",TEXT(I29,"mm/yyyy")) -> 08/2026
A30: Flavia Mendonça Pinheiro de Melo | B30: (31) 9988-8581 | D30: Indicação | E30: Invisalign | F30: Mariana | G30: 46146 | H30: Sim | I30: 46247 | J30: Sim | K30: Não | L30: Sim | M30: 10500 | N30: Pendente | R30: =IF(N30="Sim","Fechado (Total)",IF(N30="Parcial","Fechado (Parcial)",IF(N30="Não","Perdido",IF(N30="Pendente","Pendente",IF(N30="Não precisa no momento","Não Precisa no Momento",IF(L30="Sim","Plano de Tratamento",IF(J30="Não","Não Compareceu",IF(J30="Sim","Compareceu",IF(H30="Não","Perdido",IF(H30="Sim","Consulta Marcada",IF(A30="","","Novo Paciente"))))))))))) -> Pendente | T30: =IF(A30="","",SUMPRODUCT(($R$2:R30=R30)*($A$2:A30<>""))) -> 7 | U30: =IF(A30="","",R30&"|"&T30) -> Pendente|7 | V30: =IF(G30="","",TEXT(G30,"mm/yyyy")) -> 05/2026 | W30: =IF(P30="","",TEXT(P30,"mm/yyyy")) | X30: =IF(A30="","",IF(OR(R30="Fechado (Total)",R30="Fechado (Parcial)"),"Fechado|"&SUMPRODUCT((($R$2:R30="Fechado (Total)")+($R$2:R30="Fechado (Parcial)"))*($A$2:A30<>"")),"")) | Y30: =IF(A30="","",IF(D30="Indicação",SUMPRODUCT(($D$2:D30="Indicação")*($A$2:A30<>"")),"")) -> 24 | Z30: =IF(Y30="","","Indicacao|"&Y30) -> Indicacao|24 | AA30: =IF(I30="","",TEXT(I30,"mm/yyyy")) -> 08/2026
A31: Gabriela Mendonça Pinheiro de Melo | B31: (31) 9988-8581 | D31: Indicação | F31: Mariana | G31: 46146 | H31: Sim | I31: 46251 | J31: Não | R31: =IF(N31="Sim","Fechado (Total)",IF(N31="Parcial","Fechado (Parcial)",IF(N31="Não","Perdido",IF(N31="Pendente","Pendente",IF(N31="Não precisa no momento","Não Precisa no Momento",IF(L31="Sim","Plano de Tratamento",IF(J31="Não","Não Compareceu",IF(J31="Sim","Compareceu",IF(H31="Não","Perdido",IF(H31="Sim","Consulta Marcada",IF(A31="","","Novo Paciente"))))))))))) -> Não Compareceu | T31: =IF(A31="","",SUMPRODUCT(($R$2:R31=R31)*($A$2:A31<>""))) -> 1 | U31: =IF(A31="","",R31&"|"&T31) -> Não Compareceu|1 | V31: =IF(G31="","",TEXT(G31,"mm/yyyy")) -> 05/2026 | W31: =IF(P31="","",TEXT(P31,"mm/yyyy")) | X31: =IF(A31="","",IF(OR(R31="Fechado (Total)",R31="Fechado (Parcial)"),"Fechado|"&SUMPRODUCT((($R$2:R31="Fechado (Total)")+($R$2:R31="Fechado (Parcial)"))*($A$2:A31<>"")),"")) | Y31: =IF(A31="","",IF(D31="Indicação",SUMPRODUCT(($D$2:D31="Indicação")*($A$2:A31<>"")),"")) -> 25 | Z31: =IF(Y31="","","Indicacao|"&Y31) -> Indicacao|25 | AA31: =IF(I31="","",TEXT(I31,"mm/yyyy")) -> 08/2026
A32: Helena Barcelos Avelar | B32: (31) 9302-5504 | D32: Indicação | E32: Fixo | F32: Natalia | H32: Sim | I32: 46255 | J32: Sim | K32: Não | L32: Sim | N32: Pendente | R32: =IF(N32="Sim","Fechado (Total)",IF(N32="Parcial","Fechado (Parcial)",IF(N32="Não","Perdido",IF(N32="Pendente","Pendente",IF(N32="Não precisa no momento","Não Precisa no Momento",IF(L32="Sim","Plano de Tratamento",IF(J32="Não","Não Compareceu",IF(J32="Sim","Compareceu",IF(H32="Não","Perdido",IF(H32="Sim","Consulta Marcada",IF(A32="","","Novo Paciente"))))))))))) -> Pendente | T32: =IF(A32="","",SUMPRODUCT(($R$2:R32=R32)*($A$2:A32<>""))) -> 8 | U32: =IF(A32="","",R32&"|"&T32) -> Pendente|8 | V32: =IF(G32="","",TEXT(G32,"mm/yyyy")) | W32: =IF(P32="","",TEXT(P32,"mm/yyyy")) | X32: =IF(A32="","",IF(OR(R32="Fechado (Total)",R32="Fechado (Parcial)"),"Fechado|"&SUMPRODUCT((($R$2:R32="Fechado (Total)")+($R$2:R32="Fechado (Parcial)"))*($A$2:A32<>"")),"")) | Y32: =IF(A32="","",IF(D32="Indicação",SUMPRODUCT(($D$2:D32="Indicação")*($A$2:A32<>"")),"")) -> 26 | Z32: =IF(Y32="","","Indicacao|"&Y32) -> Indicacao|26 | AA32: =IF(I32="","",TEXT(I32,"mm/yyyy")) -> 08/2026
A33: Joaquim Manduca Campos | B33: (31) 9911-5338 | C33: mariedmanduca@gmail.com | D33: Indicação | E33: Criança | G33: 46197 | H33: Sim | I33: 46252 | J33: Sim | K33: Não | R33: =IF(N33="Sim","Fechado (Total)",IF(N33="Parcial","Fechado (Parcial)",IF(N33="Não","Perdido",IF(N33="Pendente","Pendente",IF(N33="Não precisa no momento","Não Precisa no Momento",IF(L33="Sim","Plano de Tratamento",IF(J33="Não","Não Compareceu",IF(J33="Sim","Compareceu",IF(H33="Não","Perdido",IF(H33="Sim","Consulta Marcada",IF(A33="","","Novo Paciente"))))))))))) -> Compareceu | T33: =IF(A33="","",SUMPRODUCT(($R$2:R33=R33)*($A$2:A33<>""))) -> 2 | U33: =IF(A33="","",R33&"|"&T33) -> Compareceu|2 | V33: =IF(G33="","",TEXT(G33,"mm/yyyy")) -> 06/2026 | W33: =IF(P33="","",TEXT(P33,"mm/yyyy")) | X33: =IF(A33="","",IF(OR(R33="Fechado (Total)",R33="Fechado (Parcial)"),"Fechado|"&SUMPRODUCT((($R$2:R33="Fechado (Total)")+($R$2:R33="Fechado (Parcial)"))*($A$2:A33<>"")),"")) | Y33: =IF(A33="","",IF(D33="Indicação",SUMPRODUCT(($D$2:D33="Indicação")*($A$2:A33<>"")),"")) -> 27 | Z33: =IF(Y33="","","Indicacao|"&Y33) -> Indicacao|27 | AA33: =IF(I33="","",TEXT(I33,"mm/yyyy")) -> 08/2026
A34: Maried Guimarães Manduca Campos | B34: (31) 9911-5338 | C34: mariedmanduca@gmail.com | D34: Indicação | E34: Fixo | G34: 46197 | H34: Sim | I34: 46251 | J34: Sim | K34: Não | R34: =IF(N34="Sim","Fechado (Total)",IF(N34="Parcial","Fechado (Parcial)",IF(N34="Não","Perdido",IF(N34="Pendente","Pendente",IF(N34="Não precisa no momento","Não Precisa no Momento",IF(L34="Sim","Plano de Tratamento",IF(J34="Não","Não Compareceu",IF(J34="Sim","Compareceu",IF(H34="Não","Perdido",IF(H34="Sim","Consulta Marcada",IF(A34="","","Novo Paciente"))))))))))) -> Compareceu | T34: =IF(A34="","",SUMPRODUCT(($R$2:R34=R34)*($A$2:A34<>""))) -> 3 | U34: =IF(A34="","",R34&"|"&T34) -> Compareceu|3 | V34: =IF(G34="","",TEXT(G34,"mm/yyyy")) -> 06/2026 | W34: =IF(P34="","",TEXT(P34,"mm/yyyy")) | X34: =IF(A34="","",IF(OR(R34="Fechado (Total)",R34="Fechado (Parcial)"),"Fechado|"&SUMPRODUCT((($R$2:R34="Fechado (Total)")+($R$2:R34="Fechado (Parcial)"))*($A$2:A34<>"")),"")) | Y34: =IF(A34="","",IF(D34="Indicação",SUMPRODUCT(($D$2:D34="Indicação")*($A$2:A34<>"")),"")) -> 28 | Z34: =IF(Y34="","","Indicacao|"&Y34) -> Indicacao|28 | AA34: =IF(I34="","",TEXT(I34,"mm/yyyy")) -> 08/2026
A35: Otávio Rangel Ferreira | B35: (31) 8873-5003 | C35: kellyurirangel@gmail.com | D35: já é paciente | G35: 46254 | H35: Sim | I35: 46252 | J35: Sim | K35: Sim | L35: Sim | M35: 4000 | N35: Sim | O35: 4000 | P35: 46252 | R35: =IF(N35="Sim","Fechado (Total)",IF(N35="Parcial","Fechado (Parcial)",IF(N35="Não","Perdido",IF(N35="Pendente","Pendente",IF(N35="Não precisa no momento","Não Precisa no Momento",IF(L35="Sim","Plano de Tratamento",IF(J35="Não","Não Compareceu",IF(J35="Sim","Compareceu",IF(H35="Não","Perdido",IF(H35="Sim","Consulta Marcada",IF(A35="","","Novo Paciente"))))))))))) -> Fechado (Total) | T35: =IF(A35="","",SUMPRODUCT(($R$2:R35=R35)*($A$2:A35<>""))) -> 14 | U35: =IF(A35="","",R35&"|"&T35) -> Fechado (Total)|14 | V35: =IF(G35="","",TEXT(G35,"mm/yyyy")) -> 08/2026 | W35: =IF(P35="","",TEXT(P35,"mm/yyyy")) -> 08/2026 | X35: =IF(A35="","",IF(OR(R35="Fechado (Total)",R35="Fechado (Parcial)"),"Fechado|"&SUMPRODUCT((($R$2:R35="Fechado (Total)")+($R$2:R35="Fechado (Parcial)"))*($A$2:A35<>"")),"")) -> Fechado|14 | Y35: =IF(A35="","",IF(D35="Indicação",SUMPRODUCT(($D$2:D35="Indicação")*($A$2:A35<>"")),"")) | Z35: =IF(Y35="","","Indicacao|"&Y35) | AA35: =IF(I35="","",TEXT(I35,"mm/yyyy")) -> 08/2026
A36: Maria Carolina Silva Dornelas | B36: (31) 9775-9100 | D36: já é paciente | G36: 46244 | H36: Sim | I36: 46252 | J36: Sim | K36: Sim | L36: Sim | M36: 2000 | N36: Não | R36: =IF(N36="Sim","Fechado (Total)",IF(N36="Parcial","Fechado (Parcial)",IF(N36="Não","Perdido",IF(N36="Pendente","Pendente",IF(N36="Não precisa no momento","Não Precisa no Momento",IF(L36="Sim","Plano de Tratamento",IF(J36="Não","Não Compareceu",IF(J36="Sim","Compareceu",IF(H36="Não","Perdido",IF(H36="Sim","Consulta Marcada",IF(A36="","","Novo Paciente"))))))))))) -> Perdido | T36: =IF(A36="","",SUMPRODUCT(($R$2:R36=R36)*($A$2:A36<>""))) -> 8 | U36: =IF(A36="","",R36&"|"&T36) -> Perdido|8 | V36: =IF(G36="","",TEXT(G36,"mm/yyyy")) -> 08/2026 | W36: =IF(P36="","",TEXT(P36,"mm/yyyy")) | X36: =IF(A36="","",IF(OR(R36="Fechado (Total)",R36="Fechado (Parcial)"),"Fechado|"&SUMPRODUCT((($R$2:R36="Fechado (Total)")+($R$2:R36="Fechado (Parcial)"))*($A$2:A36<>"")),"")) | Y36: =IF(A36="","",IF(D36="Indicação",SUMPRODUCT(($D$2:D36="Indicação")*($A$2:A36<>"")),"")) | Z36: =IF(Y36="","","Indicacao|"&Y36) | AA36: =IF(I36="","",TEXT(I36,"mm/yyyy")) -> 08/2026
A37: Jamiria Aparecida Vieira Reis | B37: (31) 8770-5202 | D37: Indicação | F37: Natalia | G37: 46235 | H37: Sim | I37: 46254 | J37: Sim | K37: Não | R37: =IF(N37="Sim","Fechado (Total)",IF(N37="Parcial","Fechado (Parcial)",IF(N37="Não","Perdido",IF(N37="Pendente","Pendente",IF(N37="Não precisa no momento","Não Precisa no Momento",IF(L37="Sim","Plano de Tratamento",IF(J37="Não","Não Compareceu",IF(J37="Sim","Compareceu",IF(H37="Não","Perdido",IF(H37="Sim","Consulta Marcada",IF(A37="","","Novo Paciente"))))))))))) -> Compareceu | T37: =IF(A37="","",SUMPRODUCT(($R$2:R37=R37)*($A$2:A37<>""))) -> 4 | U37: =IF(A37="","",R37&"|"&T37) -> Compareceu|4 | V37: =IF(G37="","",TEXT(G37,"mm/yyyy")) -> 08/2026 | W37: =IF(P37="","",TEXT(P37,"mm/yyyy")) | X37: =IF(A37="","",IF(OR(R37="Fechado (Total)",R37="Fechado (Parcial)"),"Fechado|"&SUMPRODUCT((($R$2:R37="Fechado (Total)")+($R$2:R37="Fechado (Parcial)"))*($A$2:A37<>"")),"")) | Y37: =IF(A37="","",IF(D37="Indicação",SUMPRODUCT(($D$2:D37="Indicação")*($A$2:A37<>"")),"")) -> 29 | Z37: =IF(Y37="","","Indicacao|"&Y37) -> Indicacao|29 | AA37: =IF(I37="","",TEXT(I37,"mm/yyyy")) -> 08/2026
A38: Laura Arruda dos Santos | B38: (31) 9296-3541 | D38: já é paciente | G38: 46244 | H38: Sim | I38: 46244 | J38: Sim | K38: Sim | L38: Sim | M38: 14000 | N38: Pendente | R38: =IF(N38="Sim","Fechado (Total)",IF(N38="Parcial","Fechado (Parcial)",IF(N38="Não","Perdido",IF(N38="Pendente","Pendente",IF(N38="Não precisa no momento","Não Precisa no Momento",IF(L38="Sim","Plano de Tratamento",IF(J38="Não","Não Compareceu",IF(J38="Sim","Compareceu",IF(H38="Não","Perdido",IF(H38="Sim","Consulta Marcada",IF(A38="","","Novo Paciente"))))))))))) -> Pendente | T38: =IF(A38="","",SUMPRODUCT(($R$2:R38=R38)*($A$2:A38<>""))) -> 9 | U38: =IF(A38="","",R38&"|"&T38) -> Pendente|9 | V38: =IF(G38="","",TEXT(G38,"mm/yyyy")) -> 08/2026 | W38: =IF(P38="","",TEXT(P38,"mm/yyyy")) | X38: =IF(A38="","",IF(OR(R38="Fechado (Total)",R38="Fechado (Parcial)"),"Fechado|"&SUMPRODUCT((($R$2:R38="Fechado (Total)")+($R$2:R38="Fechado (Parcial)"))*($A$2:A38<>"")),"")) | Y38: =IF(A38="","",IF(D38="Indicação",SUMPRODUCT(($D$2:D38="Indicação")*($A$2:A38<>"")),"")) | Z38: =IF(Y38="","","Indicacao|"&Y38) | AA38: =IF(I38="","",TEXT(I38,"mm/yyyy")) -> 08/2026
A39: Davi Norte Menezes | B39: (31) 99763-4054 | C39: fenorte@hotmail.com | D39: Indicação | G39: 46247 | H39: Sim | I39: 46255 | J39: Sim | K39: Sim | L39: Sim | M39: 3800 | N39: Sim | O39: 3800 | P39: 46259 | R39: =IF(N39="Sim","Fechado (Total)",IF(N39="Parcial","Fechado (Parcial)",IF(N39="Não","Perdido",IF(N39="Pendente","Pendente",IF(N39="Não precisa no momento","Não Precisa no Momento",IF(L39="Sim","Plano de Tratamento",IF(J39="Não","Não Compareceu",IF(J39="Sim","Compareceu",IF(H39="Não","Perdido",IF(H39="Sim","Consulta Marcada",IF(A39="","","Novo Paciente"))))))))))) -> Fechado (Total) | T39: =IF(A39="","",SUMPRODUCT(($R$2:R39=R39)*($A$2:A39<>""))) -> 15 | U39: =IF(A39="","",R39&"|"&T39) -> Fechado (Total)|15 | V39: =IF(G39="","",TEXT(G39,"mm/yyyy")) -> 08/2026 | W39: =IF(P39="","",TEXT(P39,"mm/yyyy")) -> 08/2026 | X39: =IF(A39="","",IF(OR(R39="Fechado (Total)",R39="Fechado (Parcial)"),"Fechado|"&SUMPRODUCT((($R$2:R39="Fechado (Total)")+($R$2:R39="Fechado (Parcial)"))*($A$2:A39<>"")),"")) -> Fechado|15 | Y39: =IF(A39="","",IF(D39="Indicação",SUMPRODUCT(($D$2:D39="Indicação")*($A$2:A39<>"")),"")) -> 30 | Z39: =IF(Y39="","","Indicacao|"&Y39) -> Indicacao|30 | AA39: =IF(I39="","",TEXT(I39,"mm/yyyy")) -> 08/2026
A40: Olivia Amorim Dornas | B40: (31) 99192-9145 | C40: lamorim2006@gmail.com | D40: já é paciente | G40: 46254 | H40: Sim | I40: 46255 | J40: Sim | K40: Sim | L40: Sim | M40: 3000 | N40: Sim | O40: 3000 | R40: =IF(N40="Sim","Fechado (Total)",IF(N40="Parcial","Fechado (Parcial)",IF(N40="Não","Perdido",IF(N40="Pendente","Pendente",IF(N40="Não precisa no momento","Não Precisa no Momento",IF(L40="Sim","Plano de Tratamento",IF(J40="Não","Não Compareceu",IF(J40="Sim","Compareceu",IF(H40="Não","Perdido",IF(H40="Sim","Consulta Marcada",IF(A40="","","Novo Paciente"))))))))))) -> Fechado (Total) | T40: =IF(A40="","",SUMPRODUCT(($R$2:R40=R40)*($A$2:A40<>""))) -> 16 | U40: =IF(A40="","",R40&"|"&T40) -> Fechado (Total)|16 | V40: =IF(G40="","",TEXT(G40,"mm/yyyy")) -> 08/2026 | W40: =IF(P40="","",TEXT(P40,"mm/yyyy")) | X40: =IF(A40="","",IF(OR(R40="Fechado (Total)",R40="Fechado (Parcial)"),"Fechado|"&SUMPRODUCT((($R$2:R40="Fechado (Total)")+($R$2:R40="Fechado (Parcial)"))*($A$2:A40<>"")),"")) -> Fechado|16 | Y40: =IF(A40="","",IF(D40="Indicação",SUMPRODUCT(($D$2:D40="Indicação")*($A$2:A40<>"")),"")) | Z40: =IF(Y40="","","Indicacao|"&Y40) | AA40: =IF(I40="","",TEXT(I40,"mm/yyyy")) -> 08/2026
A41: Stella Amorim Dornas | B41: (31) 99192-9145 | C41: lamorim2006@gmail.com | D41: já é paciente | G41: 46254 | H41: Sim | I41: 46255 | J41: Sim | K41: Sim | L41: Não | R41: =IF(N41="Sim","Fechado (Total)",IF(N41="Parcial","Fechado (Parcial)",IF(N41="Não","Perdido",IF(N41="Pendente","Pendente",IF(N41="Não precisa no momento","Não Precisa no Momento",IF(L41="Sim","Plano de Tratamento",IF(J41="Não","Não Compareceu",IF(J41="Sim","Compareceu",IF(H41="Não","Perdido",IF(H41="Sim","Consulta Marcada",IF(A41="","","Novo Paciente"))))))))))) -> Compareceu | T41: =IF(A41="","",SUMPRODUCT(($R$2:R41=R41)*($A$2:A41<>""))) -> 5 | U41: =IF(A41="","",R41&"|"&T41) -> Compareceu|5 | V41: =IF(G41="","",TEXT(G41,"mm/yyyy")) -> 08/2026 | W41: =IF(P41="","",TEXT(P41,"mm/yyyy")) | X41: =IF(A41="","",IF(OR(R41="Fechado (Total)",R41="Fechado (Parcial)"),"Fechado|"&SUMPRODUCT((($R$2:R41="Fechado (Total)")+($R$2:R41="Fechado (Parcial)"))*($A$2:A41<>"")),"")) | Y41: =IF(A41="","",IF(D41="Indicação",SUMPRODUCT(($D$2:D41="Indicação")*($A$2:A41<>"")),"")) | Z41: =IF(Y41="","","Indicacao|"&Y41) | AA41: =IF(I41="","",TEXT(I41,"mm/yyyy")) -> 08/2026
A42: Bernardo Terra Cunha | B42: 31 8473-2460 | C42: juterra@yahoo.com | D42: já é paciente | G42: 46254 | H42: Sim | I42: 46256 | J42: Sim | K42: Não | L42: Sim | M42: 13800 | N42: Pendente | R42: =IF(N42="Sim","Fechado (Total)",IF(N42="Parcial","Fechado (Parcial)",IF(N42="Não","Perdido",IF(N42="Pendente","Pendente",IF(N42="Não precisa no momento","Não Precisa no Momento",IF(L42="Sim","Plano de Tratamento",IF(J42="Não","Não Compareceu",IF(J42="Sim","Compareceu",IF(H42="Não","Perdido",IF(H42="Sim","Consulta Marcada",IF(A42="","","Novo Paciente"))))))))))) -> Pendente | T42: =IF(A42="","",SUMPRODUCT(($R$2:R42=R42)*($A$2:A42<>""))) -> 10 | U42: =IF(A42="","",R42&"|"&T42) -> Pendente|10 | V42: =IF(G42="","",TEXT(G42,"mm/yyyy")) -> 08/2026 | W42: =IF(P42="","",TEXT(P42,"mm/yyyy")) | X42: =IF(A42="","",IF(OR(R42="Fechado (Total)",R42="Fechado (Parcial)"),"Fechado|"&SUMPRODUCT((($R$2:R42="Fechado (Total)")+($R$2:R42="Fechado (Parcial)"))*($A$2:A42<>"")),"")) | Y42: =IF(A42="","",IF(D42="Indicação",SUMPRODUCT(($D$2:D42="Indicação")*($A$2:A42<>"")),"")) | Z42: =IF(Y42="","","Indicacao|"&Y42) | AA42: =IF(I42="","",TEXT(I42,"mm/yyyy")) -> 08/2026
A43: Felipe Terra Cunha | B43: 31 8473-2460 | C43: juterra@yahoo.com | D43: já é paciente | G43: 46254 | H43: Sim | I43: 46256 | J43: Sim | K43: Sim | L43: Não | R43: =IF(N43="Sim","Fechado (Total)",IF(N43="Parcial","Fechado (Parcial)",IF(N43="Não","Perdido",IF(N43="Pendente","Pendente",IF(N43="Não precisa no momento","Não Precisa no Momento",IF(L43="Sim","Plano de Tratamento",IF(J43="Não","Não Compareceu",IF(J43="Sim","Compareceu",IF(H43="Não","Perdido",IF(H43="Sim","Consulta Marcada",IF(A43="","","Novo Paciente"))))))))))) -> Compareceu | T43: =IF(A43="","",SUMPRODUCT(($R$2:R43=R43)*($A$2:A43<>""))) -> 6 | U43: =IF(A43="","",R43&"|"&T43) -> Compareceu|6 | V43: =IF(G43="","",TEXT(G43,"mm/yyyy")) -> 08/2026 | W43: =IF(P43="","",TEXT(P43,"mm/yyyy")) | X43: =IF(A43="","",IF(OR(R43="Fechado (Total)",R43="Fechado (Parcial)"),"Fechado|"&SUMPRODUCT((($R$2:R43="Fechado (Total)")+($R$2:R43="Fechado (Parcial)"))*($A$2:A43<>"")),"")) | Y43: =IF(A43="","",IF(D43="Indicação",SUMPRODUCT(($D$2:D43="Indicação")*($A$2:A43<>"")),"")) | Z43: =IF(Y43="","","Indicacao|"&Y43) | AA43: =IF(I43="","",TEXT(I43,"mm/yyyy")) -> 08/2026
A44: Joao Mesquita Vieira Marques | B44: 31 9992-1789 | C44: cynthiavmesquita@hotmail.com | D44: já é paciente | F44: Natalia | G44: 46249 | H44: Sim | I44: 46258 | J44: Sim | K44: Sim | L44: Sim | M44: 2000 | N44: Pendente | R44: =IF(N44="Sim","Fechado (Total)",IF(N44="Parcial","Fechado (Parcial)",IF(N44="Não","Perdido",IF(N44="Pendente","Pendente",IF(N44="Não precisa no momento","Não Precisa no Momento",IF(L44="Sim","Plano de Tratamento",IF(J44="Não","Não Compareceu",IF(J44="Sim","Compareceu",IF(H44="Não","Perdido",IF(H44="Sim","Consulta Marcada",IF(A44="","","Novo Paciente"))))))))))) -> Pendente | T44: =IF(A44="","",SUMPRODUCT(($R$2:R44=R44)*($A$2:A44<>""))) -> 11 | U44: =IF(A44="","",R44&"|"&T44) -> Pendente|11 | V44: =IF(G44="","",TEXT(G44,"mm/yyyy")) -> 08/2026 | W44: =IF(P44="","",TEXT(P44,"mm/yyyy")) | X44: =IF(A44="","",IF(OR(R44="Fechado (Total)",R44="Fechado (Parcial)"),"Fechado|"&SUMPRODUCT((($R$2:R44="Fechado (Total)")+($R$2:R44="Fechado (Parcial)"))*($A$2:A44<>"")),"")) | Y44: =IF(A44="","",IF(D44="Indicação",SUMPRODUCT(($D$2:D44="Indicação")*($A$2:A44<>"")),"")) | Z44: =IF(Y44="","","Indicacao|"&Y44) | AA44: =IF(I44="","",TEXT(I44,"mm/yyyy")) -> 08/2026
A45: Manoela Almeida Moore | B45: 31 9245-4815 | D45: Indicação | E45: Criança | F45: Mariana | G45: 46259 | H45: Sim | I45: 46262 | J45: Sim | K45: Sim | L45: Sim | M45: 3800 | N45: Sim | O45: 3800 | P45: 46262 | R45: =IF(N45="Sim","Fechado (Total)",IF(N45="Parcial","Fechado (Parcial)",IF(N45="Não","Perdido",IF(N45="Pendente","Pendente",IF(N45="Não precisa no momento","Não Precisa no Momento",IF(L45="Sim","Plano de Tratamento",IF(J45="Não","Não Compareceu",IF(J45="Sim","Compareceu",IF(H45="Não","Perdido",IF(H45="Sim","Consulta Marcada",IF(A45="","","Novo Paciente"))))))))))) -> Fechado (Total) | T45: =IF(A45="","",SUMPRODUCT(($R$2:R45=R45)*($A$2:A45<>""))) -> 17 | U45: =IF(A45="","",R45&"|"&T45) -> Fechado (Total)|17 | V45: =IF(G45="","",TEXT(G45,"mm/yyyy")) -> 08/2026 | W45: =IF(P45="","",TEXT(P45,"mm/yyyy")) -> 08/2026 | X45: =IF(A45="","",IF(OR(R45="Fechado (Total)",R45="Fechado (Parcial)"),"Fechado|"&SUMPRODUCT((($R$2:R45="Fechado (Total)")+($R$2:R45="Fechado (Parcial)"))*($A$2:A45<>"")),"")) -> Fechado|17 | Y45: =IF(A45="","",IF(D45="Indicação",SUMPRODUCT(($D$2:D45="Indicação")*($A$2:A45<>"")),"")) -> 31 | Z45: =IF(Y45="","","Indicacao|"&Y45) -> Indicacao|31 | AA45: =IF(I45="","",TEXT(I45,"mm/yyyy")) -> 08/2026
A46: Enzo Barros Diniz | B46: 31 9292-7671 | D46: já é paciente | E46: Fixo | F46: Natalia | G46: 46256 | H46: Sim | I46: 46261 | J46: Sim | K46: Não | R46: =IF(N46="Sim","Fechado (Total)",IF(N46="Parcial","Fechado (Parcial)",IF(N46="Não","Perdido",IF(N46="Pendente","Pendente",IF(N46="Não precisa no momento","Não Precisa no Momento",IF(L46="Sim","Plano de Tratamento",IF(J46="Não","Não Compareceu",IF(J46="Sim","Compareceu",IF(H46="Não","Perdido",IF(H46="Sim","Consulta Marcada",IF(A46="","","Novo Paciente"))))))))))) -> Compareceu | T46: =IF(A46="","",SUMPRODUCT(($R$2:R46=R46)*($A$2:A46<>""))) -> 7 | U46: =IF(A46="","",R46&"|"&T46) -> Compareceu|7 | V46: =IF(G46="","",TEXT(G46,"mm/yyyy")) -> 08/2026 | W46: =IF(P46="","",TEXT(P46,"mm/yyyy")) | X46: =IF(A46="","",IF(OR(R46="Fechado (Total)",R46="Fechado (Parcial)"),"Fechado|"&SUMPRODUCT((($R$2:R46="Fechado (Total)")+($R$2:R46="Fechado (Parcial)"))*($A$2:A46<>"")),"")) | Y46: =IF(A46="","",IF(D46="Indicação",SUMPRODUCT(($D$2:D46="Indicação")*($A$2:A46<>"")),"")) | Z46: =IF(Y46="","","Indicacao|"&Y46) | AA46: =IF(I46="","",TEXT(I46,"mm/yyyy")) -> 08/2026
A47: Aline Fernanda de Lima Costa | B47: 38 9800-7274 | C47: Alinefernandalc@outlook.com | D47: Indicação | E47: Limpeza | F47: Natalia | G47: 46258 | H47: Sim | I47: 46261 | J47: Sim | R47: =IF(N47="Sim","Fechado (Total)",IF(N47="Parcial","Fechado (Parcial)",IF(N47="Não","Perdido",IF(N47="Pendente","Pendente",IF(N47="Não precisa no momento","Não Precisa no Momento",IF(L47="Sim","Plano de Tratamento",IF(J47="Não","Não Compareceu",IF(J47="Sim","Compareceu",IF(H47="Não","Perdido",IF(H47="Sim","Consulta Marcada",IF(A47="","","Novo Paciente"))))))))))) -> Compareceu | T47: =IF(A47="","",SUMPRODUCT(($R$2:R47=R47)*($A$2:A47<>""))) -> 8 | U47: =IF(A47="","",R47&"|"&T47) -> Compareceu|8 | V47: =IF(G47="","",TEXT(G47,"mm/yyyy")) -> 08/2026 | W47: =IF(P47="","",TEXT(P47,"mm/yyyy")) | X47: =IF(A47="","",IF(OR(R47="Fechado (Total)",R47="Fechado (Parcial)"),"Fechado|"&SUMPRODUCT((($R$2:R47="Fechado (Total)")+($R$2:R47="Fechado (Parcial)"))*($A$2:A47<>"")),"")) | Y47: =IF(A47="","",IF(D47="Indicação",SUMPRODUCT(($D$2:D47="Indicação")*($A$2:A47<>"")),"")) -> 32 | Z47: =IF(Y47="","","Indicacao|"&Y47) -> Indicacao|32 | AA47: =IF(I47="","",TEXT(I47,"mm/yyyy")) -> 08/2026
A48: Paulo Maulais | B48: 31 8869-1984 | D48: Indicação | E48: Fixo | F48: Natalia | G48: 46258 | R48: =IF(N48="Sim","Fechado (Total)",IF(N48="Parcial","Fechado (Parcial)",IF(N48="Não","Perdido",IF(N48="Pendente","Pendente",IF(N48="Não precisa no momento","Não Precisa no Momento",IF(L48="Sim","Plano de Tratamento",IF(J48="Não","Não Compareceu",IF(J48="Sim","Compareceu",IF(H48="Não","Perdido",IF(H48="Sim","Consulta Marcada",IF(A48="","","Novo Paciente"))))))))))) -> Novo Paciente | T48: =IF(A48="","",SUMPRODUCT(($R$2:R48=R48)*($A$2:A48<>""))) -> 2 | U48: =IF(A48="","",R48&"|"&T48) -> Novo Paciente|2 | V48: =IF(G48="","",TEXT(G48,"mm/yyyy")) -> 08/2026 | W48: =IF(P48="","",TEXT(P48,"mm/yyyy")) | X48: =IF(A48="","",IF(OR(R48="Fechado (Total)",R48="Fechado (Parcial)"),"Fechado|"&SUMPRODUCT((($R$2:R48="Fechado (Total)")+($R$2:R48="Fechado (Parcial)"))*($A$2:A48<>"")),"")) | Y48: =IF(A48="","",IF(D48="Indicação",SUMPRODUCT(($D$2:D48="Indicação")*($A$2:A48<>"")),"")) -> 33 | Z48: =IF(Y48="","","Indicacao|"&Y48) -> Indicacao|33 | AA48: =IF(I48="","",TEXT(I48,"mm/yyyy"))
A49: Luisa Mundim (filhas) | B49: 31 8897-2500 | D49: WhatsApp | E49: fixo | F49: Natalia | G49: 46258 | R49: =IF(N49="Sim","Fechado (Total)",IF(N49="Parcial","Fechado (Parcial)",IF(N49="Não","Perdido",IF(N49="Pendente","Pendente",IF(N49="Não precisa no momento","Não Precisa no Momento",IF(L49="Sim","Plano de Tratamento",IF(J49="Não","Não Compareceu",IF(J49="Sim","Compareceu",IF(H49="Não","Perdido",IF(H49="Sim","Consulta Marcada",IF(A49="","","Novo Paciente"))))))))))) -> Novo Paciente | T49: =IF(A49="","",SUMPRODUCT(($R$2:R49=R49)*($A$2:A49<>""))) -> 3 | U49: =IF(A49="","",R49&"|"&T49) -> Novo Paciente|3 | V49: =IF(G49="","",TEXT(G49,"mm/yyyy")) -> 08/2026 | W49: =IF(P49="","",TEXT(P49,"mm/yyyy")) | X49: =IF(A49="","",IF(OR(R49="Fechado (Total)",R49="Fechado (Parcial)"),"Fechado|"&SUMPRODUCT((($R$2:R49="Fechado (Total)")+($R$2:R49="Fechado (Parcial)"))*($A$2:A49<>"")),"")) | Y49: =IF(A49="","",IF(D49="Indicação",SUMPRODUCT(($D$2:D49="Indicação")*($A$2:A49<>"")),"")) | Z49: =IF(Y49="","","Indicacao|"&Y49) | AA49: =IF(I49="","",TEXT(I49,"mm/yyyy"))
A50: Andrea Cristina Guerra da Silva | B50: 31 8747-6462 | C50: andreacguerra@gmail.com | D50: Indicação | E50: fixo | F50: Natalia | G50: 46261 | H50: Sim | I50: 46266 | J50: Sim | K50: Sim | R50: =IF(N50="Sim","Fechado (Total)",IF(N50="Parcial","Fechado (Parcial)",IF(N50="Não","Perdido",IF(N50="Pendente","Pendente",IF(N50="Não precisa no momento","Não Precisa no Momento",IF(L50="Sim","Plano de Tratamento",IF(J50="Não","Não Compareceu",IF(J50="Sim","Compareceu",IF(H50="Não","Perdido",IF(H50="Sim","Consulta Marcada",IF(A50="","","Novo Paciente"))))))))))) -> Compareceu | T50: =IF(A50="","",SUMPRODUCT(($R$2:R50=R50)*($A$2:A50<>""))) -> 9 | U50: =IF(A50="","",R50&"|"&T50) -> Compareceu|9 | V50: =IF(G50="","",TEXT(G50,"mm/yyyy")) -> 08/2026 | W50: =IF(P50="","",TEXT(P50,"mm/yyyy")) | X50: =IF(A50="","",IF(OR(R50="Fechado (Total)",R50="Fechado (Parcial)"),"Fechado|"&SUMPRODUCT((($R$2:R50="Fechado (Total)")+($R$2:R50="Fechado (Parcial)"))*($A$2:A50<>"")),"")) | Y50: =IF(A50="","",IF(D50="Indicação",SUMPRODUCT(($D$2:D50="Indicação")*($A$2:A50<>"")),"")) -> 34 | Z50: =IF(Y50="","","Indicacao|"&Y50) -> Indicacao|34 | AA50: =IF(I50="","",TEXT(I50,"mm/yyyy")) -> 09/2026
A51: Andre Sovoi Torres | D51: Indicação | E51: inivisalign | F51: Mariana | H51: Sim | I51: 46265 | J51: Sim | K51: Sim | L51: Não | M51: 15800 | R51: =IF(N51="Sim","Fechado (Total)",IF(N51="Parcial","Fechado (Parcial)",IF(N51="Não","Perdido",IF(N51="Pendente","Pendente",IF(N51="Não precisa no momento","Não Precisa no Momento",IF(L51="Sim","Plano de Tratamento",IF(J51="Não","Não Compareceu",IF(J51="Sim","Compareceu",IF(H51="Não","Perdido",IF(H51="Sim","Consulta Marcada",IF(A51="","","Novo Paciente"))))))))))) -> Compareceu | T51: =IF(A51="","",SUMPRODUCT(($R$2:R51=R51)*($A$2:A51<>""))) -> 10 | U51: =IF(A51="","",R51&"|"&T51) -> Compareceu|10 | V51: =IF(G51="","",TEXT(G51,"mm/yyyy")) | W51: =IF(P51="","",TEXT(P51,"mm/yyyy")) | X51: =IF(A51="","",IF(OR(R51="Fechado (Total)",R51="Fechado (Parcial)"),"Fechado|"&SUMPRODUCT((($R$2:R51="Fechado (Total)")+($R$2:R51="Fechado (Parcial)"))*($A$2:A51<>"")),"")) | Y51: =IF(A51="","",IF(D51="Indicação",SUMPRODUCT(($D$2:D51="Indicação")*($A$2:A51<>"")),"")) -> 35 | Z51: =IF(Y51="","","Indicacao|"&Y51) -> Indicacao|35 | AA51: =IF(I51="","",TEXT(I51,"mm/yyyy")) -> 08/2026
A52: Raquel Rabelo (filhas) | D52: Indicação | F52: Julia | R52: =IF(N52="Sim","Fechado (Total)",IF(N52="Parcial","Fechado (Parcial)",IF(N52="Não","Perdido",IF(N52="Pendente","Pendente",IF(N52="Não precisa no momento","Não Precisa no Momento",IF(L52="Sim","Plano de Tratamento",IF(J52="Não","Não Compareceu",IF(J52="Sim","Compareceu",IF(H52="Não","Perdido",IF(H52="Sim","Consulta Marcada",IF(A52="","","Novo Paciente"))))))))))) -> Novo Paciente | T52: =IF(A52="","",SUMPRODUCT(($R$2:R52=R52)*($A$2:A52<>""))) -> 4 | U52: =IF(A52="","",R52&"|"&T52) -> Novo Paciente|4 | V52: =IF(G52="","",TEXT(G52,"mm/yyyy")) | W52: =IF(P52="","",TEXT(P52,"mm/yyyy")) | X52: =IF(A52="","",IF(OR(R52="Fechado (Total)",R52="Fechado (Parcial)"),"Fechado|"&SUMPRODUCT((($R$2:R52="Fechado (Total)")+($R$2:R52="Fechado (Parcial)"))*($A$2:A52<>"")),"")) | Y52: =IF(A52="","",IF(D52="Indicação",SUMPRODUCT(($D$2:D52="Indicação")*($A$2:A52<>"")),"")) -> 36 | Z52: =IF(Y52="","","Indicacao|"&Y52) -> Indicacao|36 | AA52: =IF(I52="","",TEXT(I52,"mm/yyyy"))
A53: Caio Norte Menezes | B53: (31) 99763-4054 | C53: fenorte@hotmail.com | D53: Indicação | E53: criança | F53: Mariana | G53: 46247 | H53: Sim | I53: 46267 | J53: Sim | R53: =IF(N53="Sim","Fechado (Total)",IF(N53="Parcial","Fechado (Parcial)",IF(N53="Não","Perdido",IF(N53="Pendente","Pendente",IF(N53="Não precisa no momento","Não Precisa no Momento",IF(L53="Sim","Plano de Tratamento",IF(J53="Não","Não Compareceu",IF(J53="Sim","Compareceu",IF(H53="Não","Perdido",IF(H53="Sim","Consulta Marcada",IF(A53="","","Novo Paciente"))))))))))) -> Compareceu | T53: =IF(A53="","",SUMPRODUCT(($R$2:R53=R53)*($A$2:A53<>""))) -> 11 | U53: =IF(A53="","",R53&"|"&T53) -> Compareceu|11 | V53: =IF(G53="","",TEXT(G53,"mm/yyyy")) -> 08/2026 | W53: =IF(P53="","",TEXT(P53,"mm/yyyy")) | X53: =IF(A53="","",IF(OR(R53="Fechado (Total)",R53="Fechado (Parcial)"),"Fechado|"&SUMPRODUCT((($R$2:R53="Fechado (Total)")+($R$2:R53="Fechado (Parcial)"))*($A$2:A53<>"")),"")) | Y53: =IF(A53="","",IF(D53="Indicação",SUMPRODUCT(($D$2:D53="Indicação")*($A$2:A53<>"")),"")) -> 37 | Z53: =IF(Y53="","","Indicacao|"&Y53) -> Indicacao|37 | AA53: =IF(I53="","",TEXT(I53,"mm/yyyy")) -> 09/2026
R54: =IF(N54="Sim","Fechado (Total)",IF(N54="Parcial","Fechado (Parcial)",IF(N54="Não","Perdido",IF(N54="Pendente","Pendente",IF(N54="Não precisa no momento","Não Precisa no Momento",IF(L54="Sim","Plano de Tratamento",IF(J54="Não","Não Compareceu",IF(J54="Sim","Compareceu",IF(H54="Não","Perdido",IF(H54="Sim","Consulta Marcada",IF(A54="","","Novo Paciente"))))))))))) | T54: =IF(A54="","",SUMPRODUCT(($R$2:R54=R54)*($A$2:A54<>""))) | U54: =IF(A54="","",R54&"|"&T54) | V54: =IF(G54="","",TEXT(G54,"mm/yyyy")) | W54: =IF(P54="","",TEXT(P54,"mm/yyyy")) | X54: =IF(A54="","",IF(OR(R54="Fechado (Total)",R54="Fechado (Parcial)"),"Fechado|"&SUMPRODUCT((($R$2:R54="Fechado (Total)")+($R$2:R54="Fechado (Parcial)"))*($A$2:A54<>"")),"")) | Y54: =IF(A54="","",IF(D54="Indicação",SUMPRODUCT(($D$2:D54="Indicação")*($A$2:A54<>"")),"")) | Z54: =IF(Y54="","","Indicacao|"&Y54) | AA54: =IF(I54="","",TEXT(I54,"mm/yyyy"))
R55: =IF(N55="Sim","Fechado (Total)",IF(N55="Parcial","Fechado (Parcial)",IF(N55="Não","Perdido",IF(N55="Pendente","Pendente",IF(N55="Não precisa no momento","Não Precisa no Momento",IF(L55="Sim","Plano de Tratamento",IF(J55="Não","Não Compareceu",IF(J55="Sim","Compareceu",IF(H55="Não","Perdido",IF(H55="Sim","Consulta Marcada",IF(A55="","","Novo Paciente"))))))))))) | T55: =IF(A55="","",SUMPRODUCT(($R$2:R55=R55)*($A$2:A55<>""))) | U55: =IF(A55="","",R55&"|"&T55) | V55: =IF(G55="","",TEXT(G55,"mm/yyyy")) | W55: =IF(P55="","",TEXT(P55,"mm/yyyy")) | X55: =IF(A55="","",IF(OR(R55="Fechado (Total)",R55="Fechado (Parcial)"),"Fechado|"&SUMPRODUCT((($R$2:R55="Fechado (Total)")+($R$2:R55="Fechado (Parcial)"))*($A$2:A55<>"")),"")) | Y55: =IF(A55="","",IF(D55="Indicação",SUMPRODUCT(($D$2:D55="Indicação")*($A$2:A55<>"")),"")) | Z55: =IF(Y55="","","Indicacao|"&Y55) | AA55: =IF(I55="","",TEXT(I55,"mm/yyyy"))
R56: =IF(N56="Sim","Fechado (Total)",IF(N56="Parcial","Fechado (Parcial)",IF(N56="Não","Perdido",IF(N56="Pendente","Pendente",IF(N56="Não precisa no momento","Não Precisa no Momento",IF(L56="Sim","Plano de Tratamento",IF(J56="Não","Não Compareceu",IF(J56="Sim","Compareceu",IF(H56="Não","Perdido",IF(H56="Sim","Consulta Marcada",IF(A56="","","Novo Paciente"))))))))))) | T56: =IF(A56="","",SUMPRODUCT(($R$2:R56=R56)*($A$2:A56<>""))) | U56: =IF(A56="","",R56&"|"&T56) | V56: =IF(G56="","",TEXT(G56,"mm/yyyy")) | W56: =IF(P56="","",TEXT(P56,"mm/yyyy")) | X56: =IF(A56="","",IF(OR(R56="Fechado (Total)",R56="Fechado (Parcial)"),"Fechado|"&SUMPRODUCT((($R$2:R56="Fechado (Total)")+($R$2:R56="Fechado (Parcial)"))*($A$2:A56<>"")),"")) | Y56: =IF(A56="","",IF(D56="Indicação",SUMPRODUCT(($D$2:D56="Indicação")*($A$2:A56<>"")),"")) | Z56: =IF(Y56="","","Indicacao|"&Y56) | AA56: =IF(I56="","",TEXT(I56,"mm/yyyy"))
R57: =IF(N57="Sim","Fechado (Total)",IF(N57="Parcial","Fechado (Parcial)",IF(N57="Não","Perdido",IF(N57="Pendente","Pendente",IF(N57="Não precisa no momento","Não Precisa no Momento",IF(L57="Sim","Plano de Tratamento",IF(J57="Não","Não Compareceu",IF(J57="Sim","Compareceu",IF(H57="Não","Perdido",IF(H57="Sim","Consulta Marcada",IF(A57="","","Novo Paciente"))))))))))) | T57: =IF(A57="","",SUMPRODUCT(($R$2:R57=R57)*($A$2:A57<>""))) | U57: =IF(A57="","",R57&"|"&T57) | V57: =IF(G57="","",TEXT(G57,"mm/yyyy")) | W57: =IF(P57="","",TEXT(P57,"mm/yyyy")) | X57: =IF(A57="","",IF(OR(R57="Fechado (Total)",R57="Fechado (Parcial)"),"Fechado|"&SUMPRODUCT((($R$2:R57="Fechado (Total)")+($R$2:R57="Fechado (Parcial)"))*($A$2:A57<>"")),"")) | Y57: =IF(A57="","",IF(D57="Indicação",SUMPRODUCT(($D$2:D57="Indicação")*($A$2:A57<>"")),"")) | Z57: =IF(Y57="","","Indicacao|"&Y57) | AA57: =IF(I57="","",TEXT(I57,"mm/yyyy"))
R58: =IF(N58="Sim","Fechado (Total)",IF(N58="Parcial","Fechado (Parcial)",IF(N58="Não","Perdido",IF(N58="Pendente","Pendente",IF(N58="Não precisa no momento","Não Precisa no Momento",IF(L58="Sim","Plano de Tratamento",IF(J58="Não","Não Compareceu",IF(J58="Sim","Compareceu",IF(H58="Não","Perdido",IF(H58="Sim","Consulta Marcada",IF(A58="","","Novo Paciente"))))))))))) | T58: =IF(A58="","",SUMPRODUCT(($R$2:R58=R58)*($A$2:A58<>""))) | U58: =IF(A58="","",R58&"|"&T58) | V58: =IF(G58="","",TEXT(G58,"mm/yyyy")) | W58: =IF(P58="","",TEXT(P58,"mm/yyyy")) | X58: =IF(A58="","",IF(OR(R58="Fechado (Total)",R58="Fechado (Parcial)"),"Fechado|"&SUMPRODUCT((($R$2:R58="Fechado (Total)")+($R$2:R58="Fechado (Parcial)"))*($A$2:A58<>"")),"")) | Y58: =IF(A58="","",IF(D58="Indicação",SUMPRODUCT(($D$2:D58="Indicação")*($A$2:A58<>"")),"")) | Z58: =IF(Y58="","","Indicacao|"&Y58) | AA58: =IF(I58="","",TEXT(I58,"mm/yyyy"))
R59: =IF(N59="Sim","Fechado (Total)",IF(N59="Parcial","Fechado (Parcial)",IF(N59="Não","Perdido",IF(N59="Pendente","Pendente",IF(N59="Não precisa no momento","Não Precisa no Momento",IF(L59="Sim","Plano de Tratamento",IF(J59="Não","Não Compareceu",IF(J59="Sim","Compareceu",IF(H59="Não","Perdido",IF(H59="Sim","Consulta Marcada",IF(A59="","","Novo Paciente"))))))))))) | T59: =IF(A59="","",SUMPRODUCT(($R$2:R59=R59)*($A$2:A59<>""))) | U59: =IF(A59="","",R59&"|"&T59) | V59: =IF(G59="","",TEXT(G59,"mm/yyyy")) | W59: =IF(P59="","",TEXT(P59,"mm/yyyy")) | X59: =IF(A59="","",IF(OR(R59="Fechado (Total)",R59="Fechado (Parcial)"),"Fechado|"&SUMPRODUCT((($R$2:R59="Fechado (Total)")+($R$2:R59="Fechado (Parcial)"))*($A$2:A59<>"")),"")) | Y59: =IF(A59="","",IF(D59="Indicação",SUMPRODUCT(($D$2:D59="Indicação")*($A$2:A59<>"")),"")) | Z59: =IF(Y59="","","Indicacao|"&Y59) | AA59: =IF(I59="","",TEXT(I59,"mm/yyyy"))
R60: =IF(N60="Sim","Fechado (Total)",IF(N60="Parcial","Fechado (Parcial)",IF(N60="Não","Perdido",IF(N60="Pendente","Pendente",IF(N60="Não precisa no momento","Não Precisa no Momento",IF(L60="Sim","Plano de Tratamento",IF(J60="Não","Não Compareceu",IF(J60="Sim","Compareceu",IF(H60="Não","Perdido",IF(H60="Sim","Consulta Marcada",IF(A60="","","Novo Paciente"))))))))))) | T60: =IF(A60="","",SUMPRODUCT(($R$2:R60=R60)*($A$2:A60<>""))) | U60: =IF(A60="","",R60&"|"&T60) | V60: =IF(G60="","",TEXT(G60,"mm/yyyy")) | W60: =IF(P60="","",TEXT(P60,"mm/yyyy")) | X60: =IF(A60="","",IF(OR(R60="Fechado (Total)",R60="Fechado (Parcial)"),"Fechado|"&SUMPRODUCT((($R$2:R60="Fechado (Total)")+($R$2:R60="Fechado (Parcial)"))*($A$2:A60<>"")),"")) | Y60: =IF(A60="","",IF(D60="Indicação",SUMPRODUCT(($D$2:D60="Indicação")*($A$2:A60<>"")),"")) | Z60: =IF(Y60="","","Indicacao|"&Y60) | AA60: =IF(I60="","",TEXT(I60,"mm/yyyy"))
R61: =IF(N61="Sim","Fechado (Total)",IF(N61="Parcial","Fechado (Parcial)",IF(N61="Não","Perdido",IF(N61="Pendente","Pendente",IF(N61="Não precisa no momento","Não Precisa no Momento",IF(L61="Sim","Plano de Tratamento",IF(J61="Não","Não Compareceu",IF(J61="Sim","Compareceu",IF(H61="Não","Perdido",IF(H61="Sim","Consulta Marcada",IF(A61="","","Novo Paciente"))))))))))) | T61: =IF(A61="","",SUMPRODUCT(($R$2:R61=R61)*($A$2:A61<>""))) | U61: =IF(A61="","",R61&"|"&T61) | V61: =IF(G61="","",TEXT(G61,"mm/yyyy")) | W61: =IF(P61="","",TEXT(P61,"mm/yyyy")) | X61: =IF(A61="","",IF(OR(R61="Fechado (Total)",R61="Fechado (Parcial)"),"Fechado|"&SUMPRODUCT((($R$2:R61="Fechado (Total)")+($R$2:R61="Fechado (Parcial)"))*($A$2:A61<>"")),"")) | Y61: =IF(A61="","",IF(D61="Indicação",SUMPRODUCT(($D$2:D61="Indicação")*($A$2:A61<>"")),"")) | Z61: =IF(Y61="","","Indicacao|"&Y61) | AA61: =IF(I61="","",TEXT(I61,"mm/yyyy"))
R62: =IF(N62="Sim","Fechado (Total)",IF(N62="Parcial","Fechado (Parcial)",IF(N62="Não","Perdido",IF(N62="Pendente","Pendente",IF(N62="Não precisa no momento","Não Precisa no Momento",IF(L62="Sim","Plano de Tratamento",IF(J62="Não","Não Compareceu",IF(J62="Sim","Compareceu",IF(H62="Não","Perdido",IF(H62="Sim","Consulta Marcada",IF(A62="","","Novo Paciente"))))))))))) | T62: =IF(A62="","",SUMPRODUCT(($R$2:R62=R62)*($A$2:A62<>""))) | U62: =IF(A62="","",R62&"|"&T62) | V62: =IF(G62="","",TEXT(G62,"mm/yyyy")) | W62: =IF(P62="","",TEXT(P62,"mm/yyyy")) | X62: =IF(A62="","",IF(OR(R62="Fechado (Total)",R62="Fechado (Parcial)"),"Fechado|"&SUMPRODUCT((($R$2:R62="Fechado (Total)")+($R$2:R62="Fechado (Parcial)"))*($A$2:A62<>"")),"")) | Y62: =IF(A62="","",IF(D62="Indicação",SUMPRODUCT(($D$2:D62="Indicação")*($A$2:A62<>"")),"")) | Z62: =IF(Y62="","","Indicacao|"&Y62) | AA62: =IF(I62="","",TEXT(I62,"mm/yyyy"))
R63: =IF(N63="Sim","Fechado (Total)",IF(N63="Parcial","Fechado (Parcial)",IF(N63="Não","Perdido",IF(N63="Pendente","Pendente",IF(N63="Não precisa no momento","Não Precisa no Momento",IF(L63="Sim","Plano de Tratamento",IF(J63="Não","Não Compareceu",IF(J63="Sim","Compareceu",IF(H63="Não","Perdido",IF(H63="Sim","Consulta Marcada",IF(A63="","","Novo Paciente"))))))))))) | T63: =IF(A63="","",SUMPRODUCT(($R$2:R63=R63)*($A$2:A63<>""))) | U63: =IF(A63="","",R63&"|"&T63) | V63: =IF(G63="","",TEXT(G63,"mm/yyyy")) | W63: =IF(P63="","",TEXT(P63,"mm/yyyy")) | X63: =IF(A63="","",IF(OR(R63="Fechado (Total)",R63="Fechado (Parcial)"),"Fechado|"&SUMPRODUCT((($R$2:R63="Fechado (Total)")+($R$2:R63="Fechado (Parcial)"))*($A$2:A63<>"")),"")) | Y63: =IF(A63="","",IF(D63="Indicação",SUMPRODUCT(($D$2:D63="Indicação")*($A$2:A63<>"")),"")) | Z63: =IF(Y63="","","Indicacao|"&Y63) | AA63: =IF(I63="","",TEXT(I63,"mm/yyyy"))
R64: =IF(N64="Sim","Fechado (Total)",IF(N64="Parcial","Fechado (Parcial)",IF(N64="Não","Perdido",IF(N64="Pendente","Pendente",IF(N64="Não precisa no momento","Não Precisa no Momento",IF(L64="Sim","Plano de Tratamento",IF(J64="Não","Não Compareceu",IF(J64="Sim","Compareceu",IF(H64="Não","Perdido",IF(H64="Sim","Consulta Marcada",IF(A64="","","Novo Paciente"))))))))))) | T64: =IF(A64="","",SUMPRODUCT(($R$2:R64=R64)*($A$2:A64<>""))) | U64: =IF(A64="","",R64&"|"&T64) | V64: =IF(G64="","",TEXT(G64,"mm/yyyy")) | W64: =IF(P64="","",TEXT(P64,"mm/yyyy")) | X64: =IF(A64="","",IF(OR(R64="Fechado (Total)",R64="Fechado (Parcial)"),"Fechado|"&SUMPRODUCT((($R$2:R64="Fechado (Total)")+($R$2:R64="Fechado (Parcial)"))*($A$2:A64<>"")),"")) | Y64: =IF(A64="","",IF(D64="Indicação",SUMPRODUCT(($D$2:D64="Indicação")*($A$2:A64<>"")),"")) | Z64: =IF(Y64="","","Indicacao|"&Y64) | AA64: =IF(I64="","",TEXT(I64,"mm/yyyy"))
R65: =IF(N65="Sim","Fechado (Total)",IF(N65="Parcial","Fechado (Parcial)",IF(N65="Não","Perdido",IF(N65="Pendente","Pendente",IF(N65="Não precisa no momento","Não Precisa no Momento",IF(L65="Sim","Plano de Tratamento",IF(J65="Não","Não Compareceu",IF(J65="Sim","Compareceu",IF(H65="Não","Perdido",IF(H65="Sim","Consulta Marcada",IF(A65="","","Novo Paciente"))))))))))) | T65: =IF(A65="","",SUMPRODUCT(($R$2:R65=R65)*($A$2:A65<>""))) | U65: =IF(A65="","",R65&"|"&T65) | V65: =IF(G65="","",TEXT(G65,"mm/yyyy")) | W65: =IF(P65="","",TEXT(P65,"mm/yyyy")) | X65: =IF(A65="","",IF(OR(R65="Fechado (Total)",R65="Fechado (Parcial)"),"Fechado|"&SUMPRODUCT((($R$2:R65="Fechado (Total)")+($R$2:R65="Fechado (Parcial)"))*($A$2:A65<>"")),"")) | Y65: =IF(A65="","",IF(D65="Indicação",SUMPRODUCT(($D$2:D65="Indicação")*($A$2:A65<>"")),"")) | Z65: =IF(Y65="","","Indicacao|"&Y65) | AA65: =IF(I65="","",TEXT(I65,"mm/yyyy"))
... R500: =IF(N500="Sim","Fechado (Total)",IF(N500="Parcial","Fechado (Parcial)",IF(N500="Não","Perdido",IF(N500="Pendente","Pendente",IF(N500="Não precisa no momento","Não Precisa no Momento",IF(L500="Sim","Plano de Tratamento",IF(J500="Não","Não Compareceu",IF(J500="Sim","Compareceu",IF(H500="Não","Perdido",IF(H500="Sim","Consulta Marcada",IF(A500="","","Novo Paciente"))))))))))) | T500: =IF(A500="","",SUMPRODUCT(($R$2:R500=R500)*($A$2:A500<>""))) | U500: =IF(A500="","",R500&"|"&T500) | V500: =IF(G500="","",TEXT(G500,"mm/yyyy")) | W500: =IF(P500="","",TEXT(P500,"mm/yyyy")) | X500: =IF(A500="","",IF(OR(R500="Fechado (Total)",R500="Fechado (Parcial)"),"Fechado|"&SUMPRODUCT((($R$2:R500="Fechado (Total)")+($R$2:R500="Fechado (Parcial)"))*($A$2:A500<>"")),"")) | Y500: =IF(A500="","",IF(D500="Indicação",SUMPRODUCT(($D$2:D500="Indicação")*($A$2:A500<>"")),"")) | Z500: =IF(Y500="","","Indicacao|"&Y500) | AA500: =IF(I500="","",TEXT(I500,"mm/yyyy"))

Sheet Kanban
A1: 🆕 Novo Paciente | D1: 📅 Consulta Marcada | G1: ❌ Não Compareceu | J1: ✅ Compareceu | M1: 💰 Plano de Tratamento | P1: 🎉 Fechado | S1: ⚠️ Perdido | V1: 🕐 Pendente | Y1: 🤔 Não Precisa no Momento
A2: Nome | B2: Data Contato | D2: Nome | E2: Data Consulta | G2: Nome | H2: Data Consulta | J2: Nome | K2: Radiografia? | M2: Nome | N2: Valor Orçado | P2: Nome | Q2: Valor Fechado | S2: Nome | T2: Motivo | V2: Nome | W2: Motivo | Y2: Nome | Z2: Motivo
A3: {=IFERROR(INDEX(Pacientes!$A:$A, MATCH("Novo Paciente|1", Pacientes!$U:$U, 0)), "")} -> João Gabriel Cardoso de Oliveira | B3: {=IFERROR(INDEX(Pacientes!$G:$G, MATCH("Novo Paciente|1", Pacientes!$U:$U, 0)), "")} -> 45511 | D3: {=IFERROR(INDEX(Pacientes!$A:$A, MATCH("Consulta Marcada|1", Pacientes!$U:$U, 0)), "")} | E3: {=IFERROR(INDEX(Pacientes!$I:$I, MATCH("Consulta Marcada|1", Pacientes!$U:$U, 0)), "")} | G3: {=IFERROR(INDEX(Pacientes!$A:$A, MATCH("Não Compareceu|1", Pacientes!$U:$U, 0)), "")} -> Gabriela Mendonça Pinheiro de Melo | H3: {=IFERROR(INDEX(Pacientes!$I:$I, MATCH("Não Compareceu|1", Pacientes!$U:$U, 0)), "")} -> 46251 | J3: {=IFERROR(INDEX(Pacientes!$A:$A, MATCH("Compareceu|1", Pacientes!$U:$U, 0)), "")} -> Gabriel da Rocha Bastos | K3: {=IFERROR(INDEX(Pacientes!$K:$K, MATCH("Compareceu|1", Pacientes!$U:$U, 0)), "")} -> Sim | M3: {=IFERROR(INDEX(Pacientes!$A:$A, MATCH("Plano de Tratamento|1", Pacientes!$U:$U, 0)), "")} | N3: {=IFERROR(INDEX(Pacientes!$M:$M, MATCH("Plano de Tratamento|1", Pacientes!$U:$U, 0)), "")} | P3: {=IFERROR(INDEX(Pacientes!$A:$A, MATCH("Fechado|1", Pacientes!$X:$X, 0)), "")} -> Julia da Silva Costa | Q3: {=IFERROR(INDEX(Pacientes!$O:$O, MATCH("Fechado|1", Pacientes!$X:$X, 0)), "")} -> 14700 | S3: {=IFERROR(INDEX(Pacientes!$A:$A, MATCH("Perdido|1", Pacientes!$U:$U, 0)), "")} -> Andrea Reis Ferreira de Melo | T3: {=IFERROR(INDEX(Pacientes!$Q:$Q, MATCH("Perdido|1", Pacientes!$U:$U, 0)), "")} -> Sem orçamento no momento | V3: {=IFERROR(INDEX(Pacientes!$A:$A, MATCH("Pendente|1", Pacientes!$U:$U, 0)), "")} -> Esther Andrade dos Santos | W3: {=IFERROR(INDEX(Pacientes!$S:$S, MATCH("Pendente|1", Pacientes!$U:$U, 0)), "")} -> Quer preparar a filha para o aparelho fixo (hyrax e grade) / Chamar em Dezembro | Y3: {=IFERROR(INDEX(Pacientes!$A:$A, MATCH("Não Precisa no Momento|1", Pacientes!$U:$U, 0)), "")} | Z3: {=IFERROR(INDEX(Pacientes!$S:$S, MATCH("Não Precisa no Momento|1", Pacientes!$U:$U, 0)), "")}
A4: {=IFERROR(INDEX(Pacientes!$A:$A, MATCH("Novo Paciente|2", Pacientes!$U:$U, 0)), "")} -> Paulo Maulais | B4: {=IFERROR(INDEX(Pacientes!$G:$G, MATCH("Novo Paciente|2", Pacientes!$U:$U, 0)), "")} -> 46258 | D4: {=IFERROR(INDEX(Pacientes!$A:$A, MATCH("Consulta Marcada|2", Pacientes!$U:$U, 0)), "")} | E4: {=IFERROR(INDEX(Pacientes!$I:$I, MATCH("Consulta Marcada|2", Pacientes!$U:$U, 0)), "")} | G4: {=IFERROR(INDEX(Pacientes!$A:$A, MATCH("Não Compareceu|2", Pacientes!$U:$U, 0)), "")} | H4: {=IFERROR(INDEX(Pacientes!$I:$I, MATCH("Não Compareceu|2", Pacientes!$U:$U, 0)), "")} | J4: {=IFERROR(INDEX(Pacientes!$A:$A, MATCH("Compareceu|2", Pacientes!$U:$U, 0)), "")} -> Joaquim Manduca Campos | K4: {=IFERROR(INDEX(Pacientes!$K:$K, MATCH("Compareceu|2", Pacientes!$U:$U, 0)), "")} -> Não | M4: {=IFERROR(INDEX(Pacientes!$A:$A, MATCH("Plano de Tratamento|2", Pacientes!$U:$U, 0)), "")} | N4: {=IFERROR(INDEX(Pacientes!$M:$M, MATCH("Plano de Tratamento|2", Pacientes!$U:$U, 0)), "")} | P4: {=IFERROR(INDEX(Pacientes!$A:$A, MATCH("Fechado|2", Pacientes!$X:$X, 0)), "")} -> Fernanda Bueno Teixeira Costa | Q4: {=IFERROR(INDEX(Pacientes!$O:$O, MATCH("Fechado|2", Pacientes!$X:$X, 0)), "")} -> 11400 | S4: {=IFERROR(INDEX(Pacientes!$A:$A, MATCH("Perdido|2", Pacientes!$U:$U, 0)), "")} -> Hiltonn Muniz Cordeiro | T4: {=IFERROR(INDEX(Pacientes!$Q:$Q, MATCH("Perdido|2", Pacientes!$U:$U, 0)), "")} -> Sem orçamento no momento | V4: {=IFERROR(INDEX(Pacientes!$A:$A, MATCH("Pendente|2", Pacientes!$U:$U, 0)), "")} -> Felipe da Cunha Pereira Rocha Lacerda | W4: =IFERROR(INDEX(Pacientes!$S:$S, MATCH("Pendente|2", Pacientes!$U:$U, 0)), "") -> 0 | Y4: {=IFERROR(INDEX(Pacientes!$A:$A, MATCH("Não Precisa no Momento|2", Pacientes!$U:$U, 0)), "")} | Z4: {=IFERROR(INDEX(Pacientes!$S:$S, MATCH("Não Precisa no Momento|2", Pacientes!$U:$U, 0)), "")}
A5: {=IFERROR(INDEX(Pacientes!$A:$A, MATCH("Novo Paciente|3", Pacientes!$U:$U, 0)), "")} -> Luisa Mundim (filhas) | B5: {=IFERROR(INDEX(Pacientes!$G:$G, MATCH("Novo Paciente|3", Pacientes!$U:$U, 0)), "")} -> 46258 | D5: {=IFERROR(INDEX(Pacientes!$A:$A, MATCH("Consulta Marcada|3", Pacientes!$U:$U, 0)), "")} | E5: {=IFERROR(INDEX(Pacientes!$I:$I, MATCH("Consulta Marcada|3", Pacientes!$U:$U, 0)), "")} | G5: {=IFERROR(INDEX(Pacientes!$A:$A, MATCH("Não Compareceu|3", Pacientes!$U:$U, 0)), "")} | H5: {=IFERROR(INDEX(Pacientes!$I:$I, MATCH("Não Compareceu|3", Pacientes!$U:$U, 0)), "")} | J5: {=IFERROR(INDEX(Pacientes!$A:$A, MATCH("Compareceu|3", Pacientes!$U:$U, 0)), "")} -> Maried Guimarães Manduca Campos | K5: {=IFERROR(INDEX(Pacientes!$K:$K, MATCH("Compareceu|3", Pacientes!$U:$U, 0)), "")} -> Não | M5: {=IFERROR(INDEX(Pacientes!$A:$A, MATCH("Plano de Tratamento|3", Pacientes!$U:$U, 0)), "")} | N5: {=IFERROR(INDEX(Pacientes!$M:$M, MATCH("Plano de Tratamento|3", Pacientes!$U:$U, 0)), "")} | P5: {=IFERROR(INDEX(Pacientes!$A:$A, MATCH("Fechado|3", Pacientes!$X:$X, 0)), "")} -> Guilherme Moraes | Q5: {=IFERROR(INDEX(Pacientes!$O:$O, MATCH("Fechado|3", Pacientes!$X:$X, 0)), "")} -> 8567.86 | S5: {=IFERROR(INDEX(Pacientes!$A:$A, MATCH("Perdido|3", Pacientes!$U:$U, 0)), "")} -> Estevão Nobre Carrato | T5: {=IFERROR(INDEX(Pacientes!$Q:$Q, MATCH("Perdido|3", Pacientes!$U:$U, 0)), "")} -> Sem orçamento no momento | V5: {=IFERROR(INDEX(Pacientes!$A:$A, MATCH("Pendente|3", Pacientes!$U:$U, 0)), "")} -> Fernando Ferreira Medeiros | W5: {=IFERROR(INDEX(Pacientes!$S:$S, MATCH("Pendente|3", Pacientes!$U:$U, 0)), "")} -> ainda não nos deu retorna a respeito | Y5: {=IFERROR(INDEX(Pacientes!$A:$A, MATCH("Não Precisa no Momento|3", Pacientes!$U:$U, 0)), "")} | Z5: {=IFERROR(INDEX(Pacientes!$S:$S, MATCH("Não Precisa no Momento|3", Pacientes!$U:$U, 0)), "")}
A6: {=IFERROR(INDEX(Pacientes!$A:$A, MATCH("Novo Paciente|4", Pacientes!$U:$U, 0)), "")} -> Raquel Rabelo (filhas) | B6: =IFERROR(INDEX(Pacientes!$G:$G, MATCH("Novo Paciente|4", Pacientes!$U:$U, 0)), "") -> 0 | D6: {=IFERROR(INDEX(Pacientes!$A:$A, MATCH("Consulta Marcada|4", Pacientes!$U:$U, 0)), "")} | E6: {=IFERROR(INDEX(Pacientes!$I:$I, MATCH("Consulta Marcada|4", Pacientes!$U:$U, 0)), "")} | G6: {=IFERROR(INDEX(Pacientes!$A:$A, MATCH("Não Compareceu|4", Pacientes!$U:$U, 0)), "")} | H6: {=IFERROR(INDEX(Pacientes!$I:$I, MATCH("Não Compareceu|4", Pacientes!$U:$U, 0)), "")} | J6: =IFERROR(INDEX(Pacientes!$A:$A, MATCH("Compareceu|4", Pacientes!$U:$U, 0)), "") -> Jamiria Aparecida Vieira Reis | K6: {=IFERROR(INDEX(Pacientes!$K:$K, MATCH("Compareceu|4", Pacientes!$U:$U, 0)), "")} -> Não | M6: {=IFERROR(INDEX(Pacientes!$A:$A, MATCH("Plano de Tratamento|4", Pacientes!$U:$U, 0)), "")} | N6: {=IFERROR(INDEX(Pacientes!$M:$M, MATCH("Plano de Tratamento|4", Pacientes!$U:$U, 0)), "")} | P6: {=IFERROR(INDEX(Pacientes!$A:$A, MATCH("Fechado|4", Pacientes!$X:$X, 0)), "")} -> Bernardo Vieira Bersan El Bizri | Q6: {=IFERROR(INDEX(Pacientes!$O:$O, MATCH("Fechado|4", Pacientes!$X:$X, 0)), "")} -> 3433.17 | S6: {=IFERROR(INDEX(Pacientes!$A:$A, MATCH("Perdido|4", Pacientes!$U:$U, 0)), "")} -> Felipe Ribeiro Tostes de Menezes | T6: =IFERROR(INDEX(Pacientes!$Q:$Q, MATCH("Perdido|4", Pacientes!$U:$U, 0)), "") -> 0 | V6: {=IFERROR(INDEX(Pacientes!$A:$A, MATCH("Pendente|4", Pacientes!$U:$U, 0)), "")} -> Serena Catão de Miranda | W6: =IFERROR(INDEX(Pacientes!$S:$S, MATCH("Pendente|4", Pacientes!$U:$U, 0)), "") -> 0 | Y6: {=IFERROR(INDEX(Pacientes!$A:$A, MATCH("Não Precisa no Momento|4", Pacientes!$U:$U, 0)), "")} | Z6: {=IFERROR(INDEX(Pacientes!$S:$S, MATCH("Não Precisa no Momento|4", Pacientes!$U:$U, 0)), "")}
A7: {=IFERROR(INDEX(Pacientes!$A:$A, MATCH("Novo Paciente|5", Pacientes!$U:$U, 0)), "")} | B7: {=IFERROR(INDEX(Pacientes!$G:$G, MATCH("Novo Paciente|5", Pacientes!$U:$U, 0)), "")} | D7: {=IFERROR(INDEX(Pacientes!$A:$A, MATCH("Consulta Marcada|5", Pacientes!$U:$U, 0)), "")} | E7: {=IFERROR(INDEX(Pacientes!$I:$I, MATCH("Consulta Marcada|5", Pacientes!$U:$U, 0)), "")} | G7: {=IFERROR(INDEX(Pacientes!$A:$A, MATCH("Não Compareceu|5", Pacientes!$U:$U, 0)), "")} | H7: {=IFERROR(INDEX(Pacientes!$I:$I, MATCH("Não Compareceu|5", Pacientes!$U:$U, 0)), "")} | J7: =IFERROR(INDEX(Pacientes!$A:$A, MATCH("Compareceu|5", Pacientes!$U:$U, 0)), "") -> Stella Amorim Dornas | K7: {=IFERROR(INDEX(Pacientes!$K:$K, MATCH("Compareceu|5", Pacientes!$U:$U, 0)), "")} -> Sim | M7: {=IFERROR(INDEX(Pacientes!$A:$A, MATCH("Plano de Tratamento|5", Pacientes!$U:$U, 0)), "")} | N7: {=IFERROR(INDEX(Pacientes!$M:$M, MATCH("Plano de Tratamento|5", Pacientes!$U:$U, 0)), "")} | P7: {=IFERROR(INDEX(Pacientes!$A:$A, MATCH("Fechado|5", Pacientes!$X:$X, 0)), "")} -> Miguel Gonzalez Bidoia | Q7: {=IFERROR(INDEX(Pacientes!$O:$O, MATCH("Fechado|5", Pacientes!$X:$X, 0)), "")} -> 6650 | S7: {=IFERROR(INDEX(Pacientes!$A:$A, MATCH("Perdido|5", Pacientes!$U:$U, 0)), "")} -> Gabriela Ribeiro Tostes de Menezes | T7: =IFERROR(INDEX(Pacientes!$Q:$Q, MATCH("Perdido|5", Pacientes!$U:$U, 0)), "") -> 0 | V7: {=IFERROR(INDEX(Pacientes!$A:$A, MATCH("Pendente|5", Pacientes!$U:$U, 0)), "")} -> Kezia Cristina Teodoro dos Santos | W7: =IFERROR(INDEX(Pacientes!$S:$S, MATCH("Pendente|5", Pacientes!$U:$U, 0)), "") -> 0 | Y7: {=IFERROR(INDEX(Pacientes!$A:$A, MATCH("Não Precisa no Momento|5", Pacientes!$U:$U, 0)), "")} | Z7: {=IFERROR(INDEX(Pacientes!$S:$S, MATCH("Não Precisa no Momento|5", Pacientes!$U:$U, 0)), "")}
A8: {=IFERROR(INDEX(Pacientes!$A:$A, MATCH("Novo Paciente|6", Pacientes!$U:$U, 0)), "")} | B8: {=IFERROR(INDEX(Pacientes!$G:$G, MATCH("Novo Paciente|6", Pacientes!$U:$U, 0)), "")} | D8: {=IFERROR(INDEX(Pacientes!$A:$A, MATCH("Consulta Marcada|6", Pacientes!$U:$U, 0)), "")} | E8: {=IFERROR(INDEX(Pacientes!$I:$I, MATCH("Consulta Marcada|6", Pacientes!$U:$U, 0)), "")} | G8: {=IFERROR(INDEX(Pacientes!$A:$A, MATCH("Não Compareceu|6", Pacientes!$U:$U, 0)), "")} | H8: {=IFERROR(INDEX(Pacientes!$I:$I, MATCH("Não Compareceu|6", Pacientes!$U:$U, 0)), "")} | J8: =IFERROR(INDEX(Pacientes!$A:$A, MATCH("Compareceu|6", Pacientes!$U:$U, 0)), "") -> Felipe Terra Cunha | K8: {=IFERROR(INDEX(Pacientes!$K:$K, MATCH("Compareceu|6", Pacientes!$U:$U, 0)), "")} -> Sim | M8: {=IFERROR(INDEX(Pacientes!$A:$A, MATCH("Plano de Tratamento|6", Pacientes!$U:$U, 0)), "")} | N8: {=IFERROR(INDEX(Pacientes!$M:$M, MATCH("Plano de Tratamento|6", Pacientes!$U:$U, 0)), "")} | P8: {=IFERROR(INDEX(Pacientes!$A:$A, MATCH("Fechado|6", Pacientes!$X:$X, 0)), "")} -> Laura Gomes Souto Morato | Q8: {=IFERROR(INDEX(Pacientes!$O:$O, MATCH("Fechado|6", Pacientes!$X:$X, 0)), "")} -> 15800 | S8: {=IFERROR(INDEX(Pacientes!$A:$A, MATCH("Perdido|6", Pacientes!$U:$U, 0)), "")} -> Ana Cláudia Ribeiro Marzinetti Dias | T8: =IFERROR(INDEX(Pacientes!$Q:$Q, MATCH("Perdido|6", Pacientes!$U:$U, 0)), "") -> 0 | V8: {=IFERROR(INDEX(Pacientes!$A:$A, MATCH("Pendente|6", Pacientes!$U:$U, 0)), "")} -> Eduardo Lamaita Figueiredo | W8: =IFERROR(INDEX(Pacientes!$S:$S, MATCH("Pendente|6", Pacientes!$U:$U, 0)), "") -> 0 | Y8: {=IFERROR(INDEX(Pacientes!$A:$A, MATCH("Não Precisa no Momento|6", Pacientes!$U:$U, 0)), "")} | Z8: {=IFERROR(INDEX(Pacientes!$S:$S, MATCH("Não Precisa no Momento|6", Pacientes!$U:$U, 0)), "")}
A9: {=IFERROR(INDEX(Pacientes!$A:$A, MATCH("Novo Paciente|7", Pacientes!$U:$U, 0)), "")} | B9: {=IFERROR(INDEX(Pacientes!$G:$G, MATCH("Novo Paciente|7", Pacientes!$U:$U, 0)), "")} | D9: {=IFERROR(INDEX(Pacientes!$A:$A, MATCH("Consulta Marcada|7", Pacientes!$U:$U, 0)), "")} | E9: {=IFERROR(INDEX(Pacientes!$I:$I, MATCH("Consulta Marcada|7", Pacientes!$U:$U, 0)), "")} | G9: {=IFERROR(INDEX(Pacientes!$A:$A, MATCH("Não Compareceu|7", Pacientes!$U:$U, 0)), "")} | H9: {=IFERROR(INDEX(Pacientes!$I:$I, MATCH("Não Compareceu|7", Pacientes!$U:$U, 0)), "")} | J9: {=IFERROR(INDEX(Pacientes!$A:$A, MATCH("Compareceu|7", Pacientes!$U:$U, 0)), "")} -> Enzo Barros Diniz | K9: {=IFERROR(INDEX(Pacientes!$K:$K, MATCH("Compareceu|7", Pacientes!$U:$U, 0)), "")} -> Não | M9: {=IFERROR(INDEX(Pacientes!$A:$A, MATCH("Plano de Tratamento|7", Pacientes!$U:$U, 0)), "")} | N9: {=IFERROR(INDEX(Pacientes!$M:$M, MATCH("Plano de Tratamento|7", Pacientes!$U:$U, 0)), "")} | P9: {=IFERROR(INDEX(Pacientes!$A:$A, MATCH("Fechado|7", Pacientes!$X:$X, 0)), "")} -> Miguel Oliveira Souza | Q9: =IFERROR(INDEX(Pacientes!$O:$O, MATCH("Fechado|7", Pacientes!$X:$X, 0)), "") -> 1941 | S9: {=IFERROR(INDEX(Pacientes!$A:$A, MATCH("Perdido|7", Pacientes!$U:$U, 0)), "")} -> João Gabriel Pinto Coelho Barbosa | T9: =IFERROR(INDEX(Pacientes!$Q:$Q, MATCH("Perdido|7", Pacientes!$U:$U, 0)), "") -> 0 | V9: {=IFERROR(INDEX(Pacientes!$A:$A, MATCH("Pendente|7", Pacientes!$U:$U, 0)), "")} -> Flavia Mendonça Pinheiro de Melo | W9: =IFERROR(INDEX(Pacientes!$S:$S, MATCH("Pendente|7", Pacientes!$U:$U, 0)), "") -> 0 | Y9: {=IFERROR(INDEX(Pacientes!$A:$A, MATCH("Não Precisa no Momento|7", Pacientes!$U:$U, 0)), "")} | Z9: {=IFERROR(INDEX(Pacientes!$S:$S, MATCH("Não Precisa no Momento|7", Pacientes!$U:$U, 0)), "")}
A10: {=IFERROR(INDEX(Pacientes!$A:$A, MATCH("Novo Paciente|8", Pacientes!$U:$U, 0)), "")} | B10: {=IFERROR(INDEX(Pacientes!$G:$G, MATCH("Novo Paciente|8", Pacientes!$U:$U, 0)), "")} | D10: {=IFERROR(INDEX(Pacientes!$A:$A, MATCH("Consulta Marcada|8", Pacientes!$U:$U, 0)), "")} | E10: {=IFERROR(INDEX(Pacientes!$I:$I, MATCH("Consulta Marcada|8", Pacientes!$U:$U, 0)), "")} | G10: {=IFERROR(INDEX(Pacientes!$A:$A, MATCH("Não Compareceu|8", Pacientes!$U:$U, 0)), "")} | H10: {=IFERROR(INDEX(Pacientes!$I:$I, MATCH("Não Compareceu|8", Pacientes!$U:$U, 0)), "")} | J10: {=IFERROR(INDEX(Pacientes!$A:$A, MATCH("Compareceu|8", Pacientes!$U:$U, 0)), "")} -> Aline Fernanda de Lima Costa | K10: =IFERROR(INDEX(Pacientes!$K:$K, MATCH("Compareceu|8", Pacientes!$U:$U, 0)), "") -> 0 | M10: {=IFERROR(INDEX(Pacientes!$A:$A, MATCH("Plano de Tratamento|8", Pacientes!$U:$U, 0)), "")} | N10: {=IFERROR(INDEX(Pacientes!$M:$M, MATCH("Plano de Tratamento|8", Pacientes!$U:$U, 0)), "")} | P10: {=IFERROR(INDEX(Pacientes!$A:$A, MATCH("Fechado|8", Pacientes!$X:$X, 0)), "")} -> Lavinia Ferreira de La Fuente | Q10: {=IFERROR(INDEX(Pacientes!$O:$O, MATCH("Fechado|8", Pacientes!$X:$X, 0)), "")} -> 0 | S10: {=IFERROR(INDEX(Pacientes!$A:$A, MATCH("Perdido|8", Pacientes!$U:$U, 0)), "")} -> Maria Carolina Silva Dornelas | T10: =IFERROR(INDEX(Pacientes!$Q:$Q, MATCH("Perdido|8", Pacientes!$U:$U, 0)), "") -> 0 | V10: {=IFERROR(INDEX(Pacientes!$A:$A, MATCH("Pendente|8", Pacientes!$U:$U, 0)), "")} -> Helena Barcelos Avelar | W10: =IFERROR(INDEX(Pacientes!$S:$S, MATCH("Pendente|8", Pacientes!$U:$U, 0)), "") -> 0 | Y10: {=IFERROR(INDEX(Pacientes!$A:$A, MATCH("Não Precisa no Momento|8", Pacientes!$U:$U, 0)), "")} | Z10: {=IFERROR(INDEX(Pacientes!$S:$S, MATCH("Não Precisa no Momento|8", Pacientes!$U:$U, 0)), "")}
A11: {=IFERROR(INDEX(Pacientes!$A:$A, MATCH("Novo Paciente|9", Pacientes!$U:$U, 0)), "")} | B11: {=IFERROR(INDEX(Pacientes!$G:$G, MATCH("Novo Paciente|9", Pacientes!$U:$U, 0)), "")} | D11: {=IFERROR(INDEX(Pacientes!$A:$A, MATCH("Consulta Marcada|9", Pacientes!$U:$U, 0)), "")} | E11: {=IFERROR(INDEX(Pacientes!$I:$I, MATCH("Consulta Marcada|9", Pacientes!$U:$U, 0)), "")} | G11: {=IFERROR(INDEX(Pacientes!$A:$A, MATCH("Não Compareceu|9", Pacientes!$U:$U, 0)), "")} | H11: {=IFERROR(INDEX(Pacientes!$I:$I, MATCH("Não Compareceu|9", Pacientes!$U:$U, 0)), "")} | J11: {=IFERROR(INDEX(Pacientes!$A:$A, MATCH("Compareceu|9", Pacientes!$U:$U, 0)), "")} -> Andrea Cristina Guerra da Silva | K11: {=IFERROR(INDEX(Pacientes!$K:$K, MATCH("Compareceu|9", Pacientes!$U:$U, 0)), "")} -> Sim | M11: {=IFERROR(INDEX(Pacientes!$A:$A, MATCH("Plano de Tratamento|9", Pacientes!$U:$U, 0)), "")} | N11: {=IFERROR(INDEX(Pacientes!$M:$M, MATCH("Plano de Tratamento|9", Pacientes!$U:$U, 0)), "")} | P11: {=IFERROR(INDEX(Pacientes!$A:$A, MATCH("Fechado|9", Pacientes!$X:$X, 0)), "")} -> Vitor Mesquita Carlos Gomes | Q11: {=IFERROR(INDEX(Pacientes!$O:$O, MATCH("Fechado|9", Pacientes!$X:$X, 0)), "")} -> 5383 | S11: {=IFERROR(INDEX(Pacientes!$A:$A, MATCH("Perdido|9", Pacientes!$U:$U, 0)), "")} | T11: {=IFERROR(INDEX(Pacientes!$Q:$Q, MATCH("Perdido|9", Pacientes!$U:$U, 0)), "")} | V11: {=IFERROR(INDEX(Pacientes!$A:$A, MATCH("Pendente|9", Pacientes!$U:$U, 0)), "")} -> Laura Arruda dos Santos | W11: =IFERROR(INDEX(Pacientes!$S:$S, MATCH("Pendente|9", Pacientes!$U:$U, 0)), "") -> 0 | Y11: {=IFERROR(INDEX(Pacientes!$A:$A, MATCH("Não Precisa no Momento|9", Pacientes!$U:$U, 0)), "")} | Z11: {=IFERROR(INDEX(Pacientes!$S:$S, MATCH("Não Precisa no Momento|9", Pacientes!$U:$U, 0)), "")}
A12: {=IFERROR(INDEX(Pacientes!$A:$A, MATCH("Novo Paciente|10", Pacientes!$U:$U, 0)), "")} | B12: {=IFERROR(INDEX(Pacientes!$G:$G, MATCH("Novo Paciente|10", Pacientes!$U:$U, 0)), "")} | D12: {=IFERROR(INDEX(Pacientes!$A:$A, MATCH("Consulta Marcada|10", Pacientes!$U:$U, 0)), "")} | E12: {=IFERROR(INDEX(Pacientes!$I:$I, MATCH("Consulta Marcada|10", Pacientes!$U:$U, 0)), "")} | G12: {=IFERROR(INDEX(Pacientes!$A:$A, MATCH("Não Compareceu|10", Pacientes!$U:$U, 0)), "")} | H12: {=IFERROR(INDEX(Pacientes!$I:$I, MATCH("Não Compareceu|10", Pacientes!$U:$U, 0)), "")} | J12: {=IFERROR(INDEX(Pacientes!$A:$A, MATCH("Compareceu|10", Pacientes!$U:$U, 0)), "")} -> Andre Sovoi Torres | K12: {=IFERROR(INDEX(Pacientes!$K:$K, MATCH("Compareceu|10", Pacientes!$U:$U, 0)), "")} -> Sim | M12: {=IFERROR(INDEX(Pacientes!$A:$A, MATCH("Plano de Tratamento|10", Pacientes!$U:$U, 0)), "")} | N12: {=IFERROR(INDEX(Pacientes!$M:$M, MATCH("Plano de Tratamento|10", Pacientes!$U:$U, 0)), "")} | P12: {=IFERROR(INDEX(Pacientes!$A:$A, MATCH("Fechado|10", Pacientes!$X:$X, 0)), "")} -> Monica Maria Alves Pereira | Q12: {=IFERROR(INDEX(Pacientes!$O:$O, MATCH("Fechado|10", Pacientes!$X:$X, 0)), "")} -> 15800 | S12: {=IFERROR(INDEX(Pacientes!$A:$A, MATCH("Perdido|10", Pacientes!$U:$U, 0)), "")} | T12: {=IFERROR(INDEX(Pacientes!$Q:$Q, MATCH("Perdido|10", Pacientes!$U:$U, 0)), "")} | V12: {=IFERROR(INDEX(Pacientes!$A:$A, MATCH("Pendente|10", Pacientes!$U:$U, 0)), "")} -> Bernardo Terra Cunha | W12: =IFERROR(INDEX(Pacientes!$S:$S, MATCH("Pendente|10", Pacientes!$U:$U, 0)), "") -> 0 | Y12: {=IFERROR(INDEX(Pacientes!$A:$A, MATCH("Não Precisa no Momento|10", Pacientes!$U:$U, 0)), "")} | Z12: {=IFERROR(INDEX(Pacientes!$S:$S, MATCH("Não Precisa no Momento|10", Pacientes!$U:$U, 0)), "")}
A13: {=IFERROR(INDEX(Pacientes!$A:$A, MATCH("Novo Paciente|11", Pacientes!$U:$U, 0)), "")} | B13: {=IFERROR(INDEX(Pacientes!$G:$G, MATCH("Novo Paciente|11", Pacientes!$U:$U, 0)), "")} | D13: {=IFERROR(INDEX(Pacientes!$A:$A, MATCH("Consulta Marcada|11", Pacientes!$U:$U, 0)), "")} | E13: {=IFERROR(INDEX(Pacientes!$I:$I, MATCH("Consulta Marcada|11", Pacientes!$U:$U, 0)), "")} | G13: {=IFERROR(INDEX(Pacientes!$A:$A, MATCH("Não Compareceu|11", Pacientes!$U:$U, 0)), "")} | H13: {=IFERROR(INDEX(Pacientes!$I:$I, MATCH("Não Compareceu|11", Pacientes!$U:$U, 0)), "")} | J13: {=IFERROR(INDEX(Pacientes!$A:$A, MATCH("Compareceu|11", Pacientes!$U:$U, 0)), "")} -> Caio Norte Menezes | K13: =IFERROR(INDEX(Pacientes!$K:$K, MATCH("Compareceu|11", Pacientes!$U:$U, 0)), "") -> 0 | M13: {=IFERROR(INDEX(Pacientes!$A:$A, MATCH("Plano de Tratamento|11", Pacientes!$U:$U, 0)), "")} | N13: {=IFERROR(INDEX(Pacientes!$M:$M, MATCH("Plano de Tratamento|11", Pacientes!$U:$U, 0)), "")} | P13: {=IFERROR(INDEX(Pacientes!$A:$A, MATCH("Fechado|11", Pacientes!$X:$X, 0)), "")} -> Camila de Almeida Teixeira Nominato | Q13: {=IFERROR(INDEX(Pacientes!$O:$O, MATCH("Fechado|11", Pacientes!$X:$X, 0)), "")} -> 11743.35 | S13: {=IFERROR(INDEX(Pacientes!$A:$A, MATCH("Perdido|11", Pacientes!$U:$U, 0)), "")} | T13: {=IFERROR(INDEX(Pacientes!$Q:$Q, MATCH("Perdido|11", Pacientes!$U:$U, 0)), "")} | V13: {=IFERROR(INDEX(Pacientes!$A:$A, MATCH("Pendente|11", Pacientes!$U:$U, 0)), "")} -> Joao Mesquita Vieira Marques | W13: =IFERROR(INDEX(Pacientes!$S:$S, MATCH("Pendente|11", Pacientes!$U:$U, 0)), "") -> 0 | Y13: {=IFERROR(INDEX(Pacientes!$A:$A, MATCH("Não Precisa no Momento|11", Pacientes!$U:$U, 0)), "")} | Z13: {=IFERROR(INDEX(Pacientes!$S:$S, MATCH("Não Precisa no Momento|11", Pacientes!$U:$U, 0)), "")}
A14: {=IFERROR(INDEX(Pacientes!$A:$A, MATCH("Novo Paciente|12", Pacientes!$U:$U, 0)), "")} | B14: {=IFERROR(INDEX(Pacientes!$G:$G, MATCH("Novo Paciente|12", Pacientes!$U:$U, 0)), "")} | D14: {=IFERROR(INDEX(Pacientes!$A:$A, MATCH("Consulta Marcada|12", Pacientes!$U:$U, 0)), "")} | E14: {=IFERROR(INDEX(Pacientes!$I:$I, MATCH("Consulta Marcada|12", Pacientes!$U:$U, 0)), "")} | G14: {=IFERROR(INDEX(Pacientes!$A:$A, MATCH("Não Compareceu|12", Pacientes!$U:$U, 0)), "")} | H14: {=IFERROR(INDEX(Pacientes!$I:$I, MATCH("Não Compareceu|12", Pacientes!$U:$U, 0)), "")} | J14: {=IFERROR(INDEX(Pacientes!$A:$A, MATCH("Compareceu|12", Pacientes!$U:$U, 0)), "")} | K14: {=IFERROR(INDEX(Pacientes!$K:$K, MATCH("Compareceu|12", Pacientes!$U:$U, 0)), "")} | M14: {=IFERROR(INDEX(Pacientes!$A:$A, MATCH("Plano de Tratamento|12", Pacientes!$U:$U, 0)), "")} | N14: {=IFERROR(INDEX(Pacientes!$M:$M, MATCH("Plano de Tratamento|12", Pacientes!$U:$U, 0)), "")} | P14: {=IFERROR(INDEX(Pacientes!$A:$A, MATCH("Fechado|12", Pacientes!$X:$X, 0)), "")} -> Christiane Alves Esteves Diniz Guerra | Q14: {=IFERROR(INDEX(Pacientes!$O:$O, MATCH("Fechado|12", Pacientes!$X:$X, 0)), "")} -> 10000 | S14: {=IFERROR(INDEX(Pacientes!$A:$A, MATCH("Perdido|12", Pacientes!$U:$U, 0)), "")} | T14: {=IFERROR(INDEX(Pacientes!$Q:$Q, MATCH("Perdido|12", Pacientes!$U:$U, 0)), "")} | V14: {=IFERROR(INDEX(Pacientes!$A:$A, MATCH("Pendente|12", Pacientes!$U:$U, 0)), "")} | W14: {=IFERROR(INDEX(Pacientes!$S:$S, MATCH("Pendente|12", Pacientes!$U:$U, 0)), "")} | Y14: {=IFERROR(INDEX(Pacientes!$A:$A, MATCH("Não Precisa no Momento|12", Pacientes!$U:$U, 0)), "")} | Z14: {=IFERROR(INDEX(Pacientes!$S:$S, MATCH("Não Precisa no Momento|12", Pacientes!$U:$U, 0)), "")}
A15: {=IFERROR(INDEX(Pacientes!$A:$A, MATCH("Novo Paciente|13", Pacientes!$U:$U, 0)), "")} | B15: {=IFERROR(INDEX(Pacientes!$G:$G, MATCH("Novo Paciente|13", Pacientes!$U:$U, 0)), "")} | D15: {=IFERROR(INDEX(Pacientes!$A:$A, MATCH("Consulta Marcada|13", Pacientes!$U:$U, 0)), "")} | E15: {=IFERROR(INDEX(Pacientes!$I:$I, MATCH("Consulta Marcada|13", Pacientes!$U:$U, 0)), "")} | G15: {=IFERROR(INDEX(Pacientes!$A:$A, MATCH("Não Compareceu|13", Pacientes!$U:$U, 0)), "")} | H15: {=IFERROR(INDEX(Pacientes!$I:$I, MATCH("Não Compareceu|13", Pacientes!$U:$U, 0)), "")} | J15: {=IFERROR(INDEX(Pacientes!$A:$A, MATCH("Compareceu|13", Pacientes!$U:$U, 0)), "")} | K15: {=IFERROR(INDEX(Pacientes!$K:$K, MATCH("Compareceu|13", Pacientes!$U:$U, 0)), "")} | M15: {=IFERROR(INDEX(Pacientes!$A:$A, MATCH("Plano de Tratamento|13", Pacientes!$U:$U, 0)), "")} | N15: {=IFERROR(INDEX(Pacientes!$M:$M, MATCH("Plano de Tratamento|13", Pacientes!$U:$U, 0)), "")} | P15: {=IFERROR(INDEX(Pacientes!$A:$A, MATCH("Fechado|13", Pacientes!$X:$X, 0)), "")} -> Izabela Maia Resende | Q15: {=IFERROR(INDEX(Pacientes!$O:$O, MATCH("Fechado|13", Pacientes!$X:$X, 0)), "")} -> 16200 | S15: {=IFERROR(INDEX(Pacientes!$A:$A, MATCH("Perdido|13", Pacientes!$U:$U, 0)), "")} | T15: {=IFERROR(INDEX(Pacientes!$Q:$Q, MATCH("Perdido|13", Pacientes!$U:$U, 0)), "")} | V15: {=IFERROR(INDEX(Pacientes!$A:$A, MATCH("Pendente|13", Pacientes!$U:$U, 0)), "")} | W15: {=IFERROR(INDEX(Pacientes!$S:$S, MATCH("Pendente|13", Pacientes!$U:$U, 0)), "")} | Y15: {=IFERROR(INDEX(Pacientes!$A:$A, MATCH("Não Precisa no Momento|13", Pacientes!$U:$U, 0)), "")} | Z15: {=IFERROR(INDEX(Pacientes!$S:$S, MATCH("Não Precisa no Momento|13", Pacientes!$U:$U, 0)), "")}
A16: {=IFERROR(INDEX(Pacientes!$A:$A, MATCH("Novo Paciente|14", Pacientes!$U:$U, 0)), "")} | B16: {=IFERROR(INDEX(Pacientes!$G:$G, MATCH("Novo Paciente|14", Pacientes!$U:$U, 0)), "")} | D16: {=IFERROR(INDEX(Pacientes!$A:$A, MATCH("Consulta Marcada|14", Pacientes!$U:$U, 0)), "")} | E16: {=IFERROR(INDEX(Pacientes!$I:$I, MATCH("Consulta Marcada|14", Pacientes!$U:$U, 0)), "")} | G16: {=IFERROR(INDEX(Pacientes!$A:$A, MATCH("Não Compareceu|14", Pacientes!$U:$U, 0)), "")} | H16: {=IFERROR(INDEX(Pacientes!$I:$I, MATCH("Não Compareceu|14", Pacientes!$U:$U, 0)), "")} | J16: {=IFERROR(INDEX(Pacientes!$A:$A, MATCH("Compareceu|14", Pacientes!$U:$U, 0)), "")} | K16: {=IFERROR(INDEX(Pacientes!$K:$K, MATCH("Compareceu|14", Pacientes!$U:$U, 0)), "")} | M16: {=IFERROR(INDEX(Pacientes!$A:$A, MATCH("Plano de Tratamento|14", Pacientes!$U:$U, 0)), "")} | N16: {=IFERROR(INDEX(Pacientes!$M:$M, MATCH("Plano de Tratamento|14", Pacientes!$U:$U, 0)), "")} | P16: {=IFERROR(INDEX(Pacientes!$A:$A, MATCH("Fechado|14", Pacientes!$X:$X, 0)), "")} -> Otávio Rangel Ferreira | Q16: {=IFERROR(INDEX(Pacientes!$O:$O, MATCH("Fechado|14", Pacientes!$X:$X, 0)), "")} -> 4000 | S16: {=IFERROR(INDEX(Pacientes!$A:$A, MATCH("Perdido|14", Pacientes!$U:$U, 0)), "")} | T16: {=IFERROR(INDEX(Pacientes!$Q:$Q, MATCH("Perdido|14", Pacientes!$U:$U, 0)), "")} | V16: {=IFERROR(INDEX(Pacientes!$A:$A, MATCH("Pendente|14", Pacientes!$U:$U, 0)), "")} | W16: {=IFERROR(INDEX(Pacientes!$S:$S, MATCH("Pendente|14", Pacientes!$U:$U, 0)), "")} | Y16: {=IFERROR(INDEX(Pacientes!$A:$A, MATCH("Não Precisa no Momento|14", Pacientes!$U:$U, 0)), "")} | Z16: {=IFERROR(INDEX(Pacientes!$S:$S, MATCH("Não Precisa no Momento|14", Pacientes!$U:$U, 0)), "")}
A17: {=IFERROR(INDEX(Pacientes!$A:$A, MATCH("Novo Paciente|15", Pacientes!$U:$U, 0)), "")} | B17: {=IFERROR(INDEX(Pacientes!$G:$G, MATCH("Novo Paciente|15", Pacientes!$U:$U, 0)), "")} | D17: {=IFERROR(INDEX(Pacientes!$A:$A, MATCH("Consulta Marcada|15", Pacientes!$U:$U, 0)), "")} | E17: {=IFERROR(INDEX(Pacientes!$I:$I, MATCH("Consulta Marcada|15", Pacientes!$U:$U, 0)), "")} | G17: {=IFERROR(INDEX(Pacientes!$A:$A, MATCH("Não Compareceu|15", Pacientes!$U:$U, 0)), "")} | H17: {=IFERROR(INDEX(Pacientes!$I:$I, MATCH("Não Compareceu|15", Pacientes!$U:$U, 0)), "")} | J17: {=IFERROR(INDEX(Pacientes!$A:$A, MATCH("Compareceu|15", Pacientes!$U:$U, 0)), "")} | K17: {=IFERROR(INDEX(Pacientes!$K:$K, MATCH("Compareceu|15", Pacientes!$U:$U, 0)), "")} | M17: {=IFERROR(INDEX(Pacientes!$A:$A, MATCH("Plano de Tratamento|15", Pacientes!$U:$U, 0)), "")} | N17: {=IFERROR(INDEX(Pacientes!$M:$M, MATCH("Plano de Tratamento|15", Pacientes!$U:$U, 0)), "")} | P17: {=IFERROR(INDEX(Pacientes!$A:$A, MATCH("Fechado|15", Pacientes!$X:$X, 0)), "")} -> Davi Norte Menezes | Q17: {=IFERROR(INDEX(Pacientes!$O:$O, MATCH("Fechado|15", Pacientes!$X:$X, 0)), "")} -> 3800 | S17: {=IFERROR(INDEX(Pacientes!$A:$A, MATCH("Perdido|15", Pacientes!$U:$U, 0)), "")} | T17: {=IFERROR(INDEX(Pacientes!$Q:$Q, MATCH("Perdido|15", Pacientes!$U:$U, 0)), "")} | V17: {=IFERROR(INDEX(Pacientes!$A:$A, MATCH("Pendente|15", Pacientes!$U:$U, 0)), "")} | W17: {=IFERROR(INDEX(Pacientes!$S:$S, MATCH("Pendente|15", Pacientes!$U:$U, 0)), "")} | Y17: {=IFERROR(INDEX(Pacientes!$A:$A, MATCH("Não Precisa no Momento|15", Pacientes!$U:$U, 0)), "")} | Z17: {=IFERROR(INDEX(Pacientes!$S:$S, MATCH("Não Precisa no Momento|15", Pacientes!$U:$U, 0)), "")}
A18: {=IFERROR(INDEX(Pacientes!$A:$A, MATCH("Novo Paciente|16", Pacientes!$U:$U, 0)), "")} | B18: {=IFERROR(INDEX(Pacientes!$G:$G, MATCH("Novo Paciente|16", Pacientes!$U:$U, 0)), "")} | D18: {=IFERROR(INDEX(Pacientes!$A:$A, MATCH("Consulta Marcada|16", Pacientes!$U:$U, 0)), "")} | E18: {=IFERROR(INDEX(Pacientes!$I:$I, MATCH("Consulta Marcada|16", Pacientes!$U:$U, 0)), "")} | G18: {=IFERROR(INDEX(Pacientes!$A:$A, MATCH("Não Compareceu|16", Pacientes!$U:$U, 0)), "")} | H18: {=IFERROR(INDEX(Pacientes!$I:$I, MATCH("Não Compareceu|16", Pacientes!$U:$U, 0)), "")} | J18: {=IFERROR(INDEX(Pacientes!$A:$A, MATCH("Compareceu|16", Pacientes!$U:$U, 0)), "")} | K18: {=IFERROR(INDEX(Pacientes!$K:$K, MATCH("Compareceu|16", Pacientes!$U:$U, 0)), "")} | M18: {=IFERROR(INDEX(Pacientes!$A:$A, MATCH("Plano de Tratamento|16", Pacientes!$U:$U, 0)), "")} | N18: {=IFERROR(INDEX(Pacientes!$M:$M, MATCH("Plano de Tratamento|16", Pacientes!$U:$U, 0)), "")} | P18: {=IFERROR(INDEX(Pacientes!$A:$A, MATCH("Fechado|16", Pacientes!$X:$X, 0)), "")} -> Olivia Amorim Dornas | Q18: {=IFERROR(INDEX(Pacientes!$O:$O, MATCH("Fechado|16", Pacientes!$X:$X, 0)), "")} -> 3000 | S18: {=IFERROR(INDEX(Pacientes!$A:$A, MATCH("Perdido|16", Pacientes!$U:$U, 0)), "")} | T18: {=IFERROR(INDEX(Pacientes!$Q:$Q, MATCH("Perdido|16", Pacientes!$U:$U, 0)), "")} | V18: {=IFERROR(INDEX(Pacientes!$A:$A, MATCH("Pendente|16", Pacientes!$U:$U, 0)), "")} | W18: {=IFERROR(INDEX(Pacientes!$S:$S, MATCH("Pendente|16", Pacientes!$U:$U, 0)), "")} | Y18: {=IFERROR(INDEX(Pacientes!$A:$A, MATCH("Não Precisa no Momento|16", Pacientes!$U:$U, 0)), "")} | Z18: {=IFERROR(INDEX(Pacientes!$S:$S, MATCH("Não Precisa no Momento|16", Pacientes!$U:$U, 0)), "")}
A19: {=IFERROR(INDEX(Pacientes!$A:$A, MATCH("Novo Paciente|17", Pacientes!$U:$U, 0)), "")} | B19: {=IFERROR(INDEX(Pacientes!$G:$G, MATCH("Novo Paciente|17", Pacientes!$U:$U, 0)), "")} | D19: {=IFERROR(INDEX(Pacientes!$A:$A, MATCH("Consulta Marcada|17", Pacientes!$U:$U, 0)), "")} | E19: {=IFERROR(INDEX(Pacientes!$I:$I, MATCH("Consulta Marcada|17", Pacientes!$U:$U, 0)), "")} | G19: {=IFERROR(INDEX(Pacientes!$A:$A, MATCH("Não Compareceu|17", Pacientes!$U:$U, 0)), "")} | H19: {=IFERROR(INDEX(Pacientes!$I:$I, MATCH("Não Compareceu|17", Pacientes!$U:$U, 0)), "")} | J19: {=IFERROR(INDEX(Pacientes!$A:$A, MATCH("Compareceu|17", Pacientes!$U:$U, 0)), "")} | K19: {=IFERROR(INDEX(Pacientes!$K:$K, MATCH("Compareceu|17", Pacientes!$U:$U, 0)), "")} | M19: {=IFERROR(INDEX(Pacientes!$A:$A, MATCH("Plano de Tratamento|17", Pacientes!$U:$U, 0)), "")} | N19: {=IFERROR(INDEX(Pacientes!$M:$M, MATCH("Plano de Tratamento|17", Pacientes!$U:$U, 0)), "")} | P19: {=IFERROR(INDEX(Pacientes!$A:$A, MATCH("Fechado|17", Pacientes!$X:$X, 0)), "")} -> Manoela Almeida Moore | Q19: {=IFERROR(INDEX(Pacientes!$O:$O, MATCH("Fechado|17", Pacientes!$X:$X, 0)), "")} -> 3800 | S19: {=IFERROR(INDEX(Pacientes!$A:$A, MATCH("Perdido|17", Pacientes!$U:$U, 0)), "")} | T19: {=IFERROR(INDEX(Pacientes!$Q:$Q, MATCH("Perdido|17", Pacientes!$U:$U, 0)), "")} | V19: {=IFERROR(INDEX(Pacientes!$A:$A, MATCH("Pendente|17", Pacientes!$U:$U, 0)), "")} | W19: {=IFERROR(INDEX(Pacientes!$S:$S, MATCH("Pendente|17", Pacientes!$U:$U, 0)), "")} | Y19: {=IFERROR(INDEX(Pacientes!$A:$A, MATCH("Não Precisa no Momento|17", Pacientes!$U:$U, 0)), "")} | Z19: {=IFERROR(INDEX(Pacientes!$S:$S, MATCH("Não Precisa no Momento|17", Pacientes!$U:$U, 0)), "")}
A20: {=IFERROR(INDEX(Pacientes!$A:$A, MATCH("Novo Paciente|18", Pacientes!$U:$U, 0)), "")} | B20: {=IFERROR(INDEX(Pacientes!$G:$G, MATCH("Novo Paciente|18", Pacientes!$U:$U, 0)), "")} | D20: {=IFERROR(INDEX(Pacientes!$A:$A, MATCH("Consulta Marcada|18", Pacientes!$U:$U, 0)), "")} | E20: {=IFERROR(INDEX(Pacientes!$I:$I, MATCH("Consulta Marcada|18", Pacientes!$U:$U, 0)), "")} | G20: {=IFERROR(INDEX(Pacientes!$A:$A, MATCH("Não Compareceu|18", Pacientes!$U:$U, 0)), "")} | H20: {=IFERROR(INDEX(Pacientes!$I:$I, MATCH("Não Compareceu|18", Pacientes!$U:$U, 0)), "")} | J20: {=IFERROR(INDEX(Pacientes!$A:$A, MATCH("Compareceu|18", Pacientes!$U:$U, 0)), "")} | K20: {=IFERROR(INDEX(Pacientes!$K:$K, MATCH("Compareceu|18", Pacientes!$U:$U, 0)), "")} | M20: {=IFERROR(INDEX(Pacientes!$A:$A, MATCH("Plano de Tratamento|18", Pacientes!$U:$U, 0)), "")} | N20: {=IFERROR(INDEX(Pacientes!$M:$M, MATCH("Plano de Tratamento|18", Pacientes!$U:$U, 0)), "")} | P20: {=IFERROR(INDEX(Pacientes!$A:$A, MATCH("Fechado|18", Pacientes!$X:$X, 0)), "")} | Q20: {=IFERROR(INDEX(Pacientes!$O:$O, MATCH("Fechado|18", Pacientes!$X:$X, 0)), "")} | S20: {=IFERROR(INDEX(Pacientes!$A:$A, MATCH("Perdido|18", Pacientes!$U:$U, 0)), "")} | T20: {=IFERROR(INDEX(Pacientes!$Q:$Q, MATCH("Perdido|18", Pacientes!$U:$U, 0)), "")} | V20: {=IFERROR(INDEX(Pacientes!$A:$A, MATCH("Pendente|18", Pacientes!$U:$U, 0)), "")} | W20: {=IFERROR(INDEX(Pacientes!$S:$S, MATCH("Pendente|18", Pacientes!$U:$U, 0)), "")} | Y20: {=IFERROR(INDEX(Pacientes!$A:$A, MATCH("Não Precisa no Momento|18", Pacientes!$U:$U, 0)), "")} | Z20: {=IFERROR(INDEX(Pacientes!$S:$S, MATCH("Não Precisa no Momento|18", Pacientes!$U:$U, 0)), "")}
A21: {=IFERROR(INDEX(Pacientes!$A:$A, MATCH("Novo Paciente|19", Pacientes!$U:$U, 0)), "")} | B21: {=IFERROR(INDEX(Pacientes!$G:$G, MATCH("Novo Paciente|19", Pacientes!$U:$U, 0)), "")} | D21: {=IFERROR(INDEX(Pacientes!$A:$A, MATCH("Consulta Marcada|19", Pacientes!$U:$U, 0)), "")} | E21: {=IFERROR(INDEX(Pacientes!$I:$I, MATCH("Consulta Marcada|19", Pacientes!$U:$U, 0)), "")} | G21: {=IFERROR(INDEX(Pacientes!$A:$A, MATCH("Não Compareceu|19", Pacientes!$U:$U, 0)), "")} | H21: {=IFERROR(INDEX(Pacientes!$I:$I, MATCH("Não Compareceu|19", Pacientes!$U:$U, 0)), "")} | J21: {=IFERROR(INDEX(Pacientes!$A:$A, MATCH("Compareceu|19", Pacientes!$U:$U, 0)), "")} | K21: {=IFERROR(INDEX(Pacientes!$K:$K, MATCH("Compareceu|19", Pacientes!$U:$U, 0)), "")} | M21: {=IFERROR(INDEX(Pacientes!$A:$A, MATCH("Plano de Tratamento|19", Pacientes!$U:$U, 0)), "")} | N21: {=IFERROR(INDEX(Pacientes!$M:$M, MATCH("Plano de Tratamento|19", Pacientes!$U:$U, 0)), "")} | P21: {=IFERROR(INDEX(Pacientes!$A:$A, MATCH("Fechado|19", Pacientes!$X:$X, 0)), "")} | Q21: {=IFERROR(INDEX(Pacientes!$O:$O, MATCH("Fechado|19", Pacientes!$X:$X, 0)), "")} | S21: {=IFERROR(INDEX(Pacientes!$A:$A, MATCH("Perdido|19", Pacientes!$U:$U, 0)), "")} | T21: {=IFERROR(INDEX(Pacientes!$Q:$Q, MATCH("Perdido|19", Pacientes!$U:$U, 0)), "")} | V21: {=IFERROR(INDEX(Pacientes!$A:$A, MATCH("Pendente|19", Pacientes!$U:$U, 0)), "")} | W21: {=IFERROR(INDEX(Pacientes!$S:$S, MATCH("Pendente|19", Pacientes!$U:$U, 0)), "")} | Y21: {=IFERROR(INDEX(Pacientes!$A:$A, MATCH("Não Precisa no Momento|19", Pacientes!$U:$U, 0)), "")} | Z21: {=IFERROR(INDEX(Pacientes!$S:$S, MATCH("Não Precisa no Momento|19", Pacientes!$U:$U, 0)), "")}
A22: {=IFERROR(INDEX(Pacientes!$A:$A, MATCH("Novo Paciente|20", Pacientes!$U:$U, 0)), "")} | B22: {=IFERROR(INDEX(Pacientes!$G:$G, MATCH("Novo Paciente|20", Pacientes!$U:$U, 0)), "")} | D22: {=IFERROR(INDEX(Pacientes!$A:$A, MATCH("Consulta Marcada|20", Pacientes!$U:$U, 0)), "")} | E22: {=IFERROR(INDEX(Pacientes!$I:$I, MATCH("Consulta Marcada|20", Pacientes!$U:$U, 0)), "")} | G22: {=IFERROR(INDEX(Pacientes!$A:$A, MATCH("Não Compareceu|20", Pacientes!$U:$U, 0)), "")} | H22: {=IFERROR(INDEX(Pacientes!$I:$I, MATCH("Não Compareceu|20", Pacientes!$U:$U, 0)), "")} | J22: {=IFERROR(INDEX(Pacientes!$A:$A, MATCH("Compareceu|20", Pacientes!$U:$U, 0)), "")} | K22: {=IFERROR(INDEX(Pacientes!$K:$K, MATCH("Compareceu|20", Pacientes!$U:$U, 0)), "")} | M22: {=IFERROR(INDEX(Pacientes!$A:$A, MATCH("Plano de Tratamento|20", Pacientes!$U:$U, 0)), "")} | N22: {=IFERROR(INDEX(Pacientes!$M:$M, MATCH("Plano de Tratamento|20", Pacientes!$U:$U, 0)), "")} | P22: {=IFERROR(INDEX(Pacientes!$A:$A, MATCH("Fechado|20", Pacientes!$X:$X, 0)), "")} | Q22: {=IFERROR(INDEX(Pacientes!$O:$O, MATCH("Fechado|20", Pacientes!$X:$X, 0)), "")} | S22: {=IFERROR(INDEX(Pacientes!$A:$A, MATCH("Perdido|20", Pacientes!$U:$U, 0)), "")} | T22: {=IFERROR(INDEX(Pacientes!$Q:$Q, MATCH("Perdido|20", Pacientes!$U:$U, 0)), "")} | V22: {=IFERROR(INDEX(Pacientes!$A:$A, MATCH("Pendente|20", Pacientes!$U:$U, 0)), "")} | W22: {=IFERROR(INDEX(Pacientes!$S:$S, MATCH("Pendente|20", Pacientes!$U:$U, 0)), "")} | Y22: {=IFERROR(INDEX(Pacientes!$A:$A, MATCH("Não Precisa no Momento|20", Pacientes!$U:$U, 0)), "")} | Z22: {=IFERROR(INDEX(Pacientes!$S:$S, MATCH("Não Precisa no Momento|20", Pacientes!$U:$U, 0)), "")}
A23: {=IFERROR(INDEX(Pacientes!$A:$A, MATCH("Novo Paciente|21", Pacientes!$U:$U, 0)), "")} | B23: {=IFERROR(INDEX(Pacientes!$G:$G, MATCH("Novo Paciente|21", Pacientes!$U:$U, 0)), "")} | D23: {=IFERROR(INDEX(Pacientes!$A:$A, MATCH("Consulta Marcada|21", Pacientes!$U:$U, 0)), "")} | E23: {=IFERROR(INDEX(Pacientes!$I:$I, MATCH("Consulta Marcada|21", Pacientes!$U:$U, 0)), "")} | G23: {=IFERROR(INDEX(Pacientes!$A:$A, MATCH("Não Compareceu|21", Pacientes!$U:$U, 0)), "")} | H23: {=IFERROR(INDEX(Pacientes!$I:$I, MATCH("Não Compareceu|21", Pacientes!$U:$U, 0)), "")} | J23: {=IFERROR(INDEX(Pacientes!$A:$A, MATCH("Compareceu|21", Pacientes!$U:$U, 0)), "")} | K23: {=IFERROR(INDEX(Pacientes!$K:$K, MATCH("Compareceu|21", Pacientes!$U:$U, 0)), "")} | M23: {=IFERROR(INDEX(Pacientes!$A:$A, MATCH("Plano de Tratamento|21", Pacientes!$U:$U, 0)), "")} | N23: {=IFERROR(INDEX(Pacientes!$M:$M, MATCH("Plano de Tratamento|21", Pacientes!$U:$U, 0)), "")} | P23: {=IFERROR(INDEX(Pacientes!$A:$A, MATCH("Fechado|21", Pacientes!$X:$X, 0)), "")} | Q23: {=IFERROR(INDEX(Pacientes!$O:$O, MATCH("Fechado|21", Pacientes!$X:$X, 0)), "")} | S23: {=IFERROR(INDEX(Pacientes!$A:$A, MATCH("Perdido|21", Pacientes!$U:$U, 0)), "")} | T23: {=IFERROR(INDEX(Pacientes!$Q:$Q, MATCH("Perdido|21", Pacientes!$U:$U, 0)), "")} | V23: {=IFERROR(INDEX(Pacientes!$A:$A, MATCH("Pendente|21", Pacientes!$U:$U, 0)), "")} | W23: {=IFERROR(INDEX(Pacientes!$S:$S, MATCH("Pendente|21", Pacientes!$U:$U, 0)), "")} | Y23: {=IFERROR(INDEX(Pacientes!$A:$A, MATCH("Não Precisa no Momento|21", Pacientes!$U:$U, 0)), "")} | Z23: {=IFERROR(INDEX(Pacientes!$S:$S, MATCH("Não Precisa no Momento|21", Pacientes!$U:$U, 0)), "")}
A24: {=IFERROR(INDEX(Pacientes!$A:$A, MATCH("Novo Paciente|22", Pacientes!$U:$U, 0)), "")} | B24: {=IFERROR(INDEX(Pacientes!$G:$G, MATCH("Novo Paciente|22", Pacientes!$U:$U, 0)), "")} | D24: {=IFERROR(INDEX(Pacientes!$A:$A, MATCH("Consulta Marcada|22", Pacientes!$U:$U, 0)), "")} | E24: {=IFERROR(INDEX(Pacientes!$I:$I, MATCH("Consulta Marcada|22", Pacientes!$U:$U, 0)), "")} | G24: {=IFERROR(INDEX(Pacientes!$A:$A, MATCH("Não Compareceu|22", Pacientes!$U:$U, 0)), "")} | H24: {=IFERROR(INDEX(Pacientes!$I:$I, MATCH("Não Compareceu|22", Pacientes!$U:$U, 0)), "")} | J24: {=IFERROR(INDEX(Pacientes!$A:$A, MATCH("Compareceu|22", Pacientes!$U:$U, 0)), "")} | K24: {=IFERROR(INDEX(Pacientes!$K:$K, MATCH("Compareceu|22", Pacientes!$U:$U, 0)), "")} | M24: {=IFERROR(INDEX(Pacientes!$A:$A, MATCH("Plano de Tratamento|22", Pacientes!$U:$U, 0)), "")} | N24: {=IFERROR(INDEX(Pacientes!$M:$M, MATCH("Plano de Tratamento|22", Pacientes!$U:$U, 0)), "")} | P24: {=IFERROR(INDEX(Pacientes!$A:$A, MATCH("Fechado|22", Pacientes!$X:$X, 0)), "")} | Q24: {=IFERROR(INDEX(Pacientes!$O:$O, MATCH("Fechado|22", Pacientes!$X:$X, 0)), "")} | S24: {=IFERROR(INDEX(Pacientes!$A:$A, MATCH("Perdido|22", Pacientes!$U:$U, 0)), "")} | T24: {=IFERROR(INDEX(Pacientes!$Q:$Q, MATCH("Perdido|22", Pacientes!$U:$U, 0)), "")} | V24: {=IFERROR(INDEX(Pacientes!$A:$A, MATCH("Pendente|22", Pacientes!$U:$U, 0)), "")} | W24: {=IFERROR(INDEX(Pacientes!$S:$S, MATCH("Pendente|22", Pacientes!$U:$U, 0)), "")} | Y24: {=IFERROR(INDEX(Pacientes!$A:$A, MATCH("Não Precisa no Momento|22", Pacientes!$U:$U, 0)), "")} | Z24: {=IFERROR(INDEX(Pacientes!$S:$S, MATCH("Não Precisa no Momento|22", Pacientes!$U:$U, 0)), "")}
A25: {=IFERROR(INDEX(Pacientes!$A:$A, MATCH("Novo Paciente|23", Pacientes!$U:$U, 0)), "")} | B25: {=IFERROR(INDEX(Pacientes!$G:$G, MATCH("Novo Paciente|23", Pacientes!$U:$U, 0)), "")} | D25: {=IFERROR(INDEX(Pacientes!$A:$A, MATCH("Consulta Marcada|23", Pacientes!$U:$U, 0)), "")} | E25: {=IFERROR(INDEX(Pacientes!$I:$I, MATCH("Consulta Marcada|23", Pacientes!$U:$U, 0)), "")} | G25: {=IFERROR(INDEX(Pacientes!$A:$A, MATCH("Não Compareceu|23", Pacientes!$U:$U, 0)), "")} | H25: {=IFERROR(INDEX(Pacientes!$I:$I, MATCH("Não Compareceu|23", Pacientes!$U:$U, 0)), "")} | J25: {=IFERROR(INDEX(Pacientes!$A:$A, MATCH("Compareceu|23", Pacientes!$U:$U, 0)), "")} | K25: {=IFERROR(INDEX(Pacientes!$K:$K, MATCH("Compareceu|23", Pacientes!$U:$U, 0)), "")} | M25: {=IFERROR(INDEX(Pacientes!$A:$A, MATCH("Plano de Tratamento|23", Pacientes!$U:$U, 0)), "")} | N25: {=IFERROR(INDEX(Pacientes!$M:$M, MATCH("Plano de Tratamento|23", Pacientes!$U:$U, 0)), "")} | P25: {=IFERROR(INDEX(Pacientes!$A:$A, MATCH("Fechado|23", Pacientes!$X:$X, 0)), "")} | Q25: {=IFERROR(INDEX(Pacientes!$O:$O, MATCH("Fechado|23", Pacientes!$X:$X, 0)), "")} | S25: {=IFERROR(INDEX(Pacientes!$A:$A, MATCH("Perdido|23", Pacientes!$U:$U, 0)), "")} | T25: {=IFERROR(INDEX(Pacientes!$Q:$Q, MATCH("Perdido|23", Pacientes!$U:$U, 0)), "")} | V25: {=IFERROR(INDEX(Pacientes!$A:$A, MATCH("Pendente|23", Pacientes!$U:$U, 0)), "")} | W25: {=IFERROR(INDEX(Pacientes!$S:$S, MATCH("Pendente|23", Pacientes!$U:$U, 0)), "")} | Y25: {=IFERROR(INDEX(Pacientes!$A:$A, MATCH("Não Precisa no Momento|23", Pacientes!$U:$U, 0)), "")} | Z25: {=IFERROR(INDEX(Pacientes!$S:$S, MATCH("Não Precisa no Momento|23", Pacientes!$U:$U, 0)), "")}
A26: {=IFERROR(INDEX(Pacientes!$A:$A, MATCH("Novo Paciente|24", Pacientes!$U:$U, 0)), "")} | B26: {=IFERROR(INDEX(Pacientes!$G:$G, MATCH("Novo Paciente|24", Pacientes!$U:$U, 0)), "")} | D26: {=IFERROR(INDEX(Pacientes!$A:$A, MATCH("Consulta Marcada|24", Pacientes!$U:$U, 0)), "")} | E26: {=IFERROR(INDEX(Pacientes!$I:$I, MATCH("Consulta Marcada|24", Pacientes!$U:$U, 0)), "")} | G26: {=IFERROR(INDEX(Pacientes!$A:$A, MATCH("Não Compareceu|24", Pacientes!$U:$U, 0)), "")} | H26: {=IFERROR(INDEX(Pacientes!$I:$I, MATCH("Não Compareceu|24", Pacientes!$U:$U, 0)), "")} | J26: {=IFERROR(INDEX(Pacientes!$A:$A, MATCH("Compareceu|24", Pacientes!$U:$U, 0)), "")} | K26: {=IFERROR(INDEX(Pacientes!$K:$K, MATCH("Compareceu|24", Pacientes!$U:$U, 0)), "")} | M26: {=IFERROR(INDEX(Pacientes!$A:$A, MATCH("Plano de Tratamento|24", Pacientes!$U:$U, 0)), "")} | N26: {=IFERROR(INDEX(Pacientes!$M:$M, MATCH("Plano de Tratamento|24", Pacientes!$U:$U, 0)), "")} | P26: {=IFERROR(INDEX(Pacientes!$A:$A, MATCH("Fechado|24", Pacientes!$X:$X, 0)), "")} | Q26: {=IFERROR(INDEX(Pacientes!$O:$O, MATCH("Fechado|24", Pacientes!$X:$X, 0)), "")} | S26: {=IFERROR(INDEX(Pacientes!$A:$A, MATCH("Perdido|24", Pacientes!$U:$U, 0)), "")} | T26: {=IFERROR(INDEX(Pacientes!$Q:$Q, MATCH("Perdido|24", Pacientes!$U:$U, 0)), "")} | V26: {=IFERROR(INDEX(Pacientes!$A:$A, MATCH("Pendente|24", Pacientes!$U:$U, 0)), "")} | W26: {=IFERROR(INDEX(Pacientes!$S:$S, MATCH("Pendente|24", Pacientes!$U:$U, 0)), "")} | Y26: {=IFERROR(INDEX(Pacientes!$A:$A, MATCH("Não Precisa no Momento|24", Pacientes!$U:$U, 0)), "")} | Z26: {=IFERROR(INDEX(Pacientes!$S:$S, MATCH("Não Precisa no Momento|24", Pacientes!$U:$U, 0)), "")}
A27: {=IFERROR(INDEX(Pacientes!$A:$A, MATCH("Novo Paciente|25", Pacientes!$U:$U, 0)), "")} | B27: {=IFERROR(INDEX(Pacientes!$G:$G, MATCH("Novo Paciente|25", Pacientes!$U:$U, 0)), "")} | D27: {=IFERROR(INDEX(Pacientes!$A:$A, MATCH("Consulta Marcada|25", Pacientes!$U:$U, 0)), "")} | E27: {=IFERROR(INDEX(Pacientes!$I:$I, MATCH("Consulta Marcada|25", Pacientes!$U:$U, 0)), "")} | G27: {=IFERROR(INDEX(Pacientes!$A:$A, MATCH("Não Compareceu|25", Pacientes!$U:$U, 0)), "")} | H27: {=IFERROR(INDEX(Pacientes!$I:$I, MATCH("Não Compareceu|25", Pacientes!$U:$U, 0)), "")} | J27: {=IFERROR(INDEX(Pacientes!$A:$A, MATCH("Compareceu|25", Pacientes!$U:$U, 0)), "")} | K27: {=IFERROR(INDEX(Pacientes!$K:$K, MATCH("Compareceu|25", Pacientes!$U:$U, 0)), "")} | M27: {=IFERROR(INDEX(Pacientes!$A:$A, MATCH("Plano de Tratamento|25", Pacientes!$U:$U, 0)), "")} | N27: {=IFERROR(INDEX(Pacientes!$M:$M, MATCH("Plano de Tratamento|25", Pacientes!$U:$U, 0)), "")} | P27: {=IFERROR(INDEX(Pacientes!$A:$A, MATCH("Fechado|25", Pacientes!$X:$X, 0)), "")} | Q27: {=IFERROR(INDEX(Pacientes!$O:$O, MATCH("Fechado|25", Pacientes!$X:$X, 0)), "")} | S27: {=IFERROR(INDEX(Pacientes!$A:$A, MATCH("Perdido|25", Pacientes!$U:$U, 0)), "")} | T27: {=IFERROR(INDEX(Pacientes!$Q:$Q, MATCH("Perdido|25", Pacientes!$U:$U, 0)), "")} | V27: {=IFERROR(INDEX(Pacientes!$A:$A, MATCH("Pendente|25", Pacientes!$U:$U, 0)), "")} | W27: {=IFERROR(INDEX(Pacientes!$S:$S, MATCH("Pendente|25", Pacientes!$U:$U, 0)), "")} | Y27: {=IFERROR(INDEX(Pacientes!$A:$A, MATCH("Não Precisa no Momento|25", Pacientes!$U:$U, 0)), "")} | Z27: {=IFERROR(INDEX(Pacientes!$S:$S, MATCH("Não Precisa no Momento|25", Pacientes!$U:$U, 0)), "")}
A28: {=IFERROR(INDEX(Pacientes!$A:$A, MATCH("Novo Paciente|26", Pacientes!$U:$U, 0)), "")} | B28: {=IFERROR(INDEX(Pacientes!$G:$G, MATCH("Novo Paciente|26", Pacientes!$U:$U, 0)), "")} | D28: {=IFERROR(INDEX(Pacientes!$A:$A, MATCH("Consulta Marcada|26", Pacientes!$U:$U, 0)), "")} | E28: {=IFERROR(INDEX(Pacientes!$I:$I, MATCH("Consulta Marcada|26", Pacientes!$U:$U, 0)), "")} | G28: {=IFERROR(INDEX(Pacientes!$A:$A, MATCH("Não Compareceu|26", Pacientes!$U:$U, 0)), "")} | H28: {=IFERROR(INDEX(Pacientes!$I:$I, MATCH("Não Compareceu|26", Pacientes!$U:$U, 0)), "")} | J28: {=IFERROR(INDEX(Pacientes!$A:$A, MATCH("Compareceu|26", Pacientes!$U:$U, 0)), "")} | K28: {=IFERROR(INDEX(Pacientes!$K:$K, MATCH("Compareceu|26", Pacientes!$U:$U, 0)), "")} | M28: {=IFERROR(INDEX(Pacientes!$A:$A, MATCH("Plano de Tratamento|26", Pacientes!$U:$U, 0)), "")} | N28: {=IFERROR(INDEX(Pacientes!$M:$M, MATCH("Plano de Tratamento|26", Pacientes!$U:$U, 0)), "")} | P28: {=IFERROR(INDEX(Pacientes!$A:$A, MATCH("Fechado|26", Pacientes!$X:$X, 0)), "")} | Q28: {=IFERROR(INDEX(Pacientes!$O:$O, MATCH("Fechado|26", Pacientes!$X:$X, 0)), "")} | S28: {=IFERROR(INDEX(Pacientes!$A:$A, MATCH("Perdido|26", Pacientes!$U:$U, 0)), "")} | T28: {=IFERROR(INDEX(Pacientes!$Q:$Q, MATCH("Perdido|26", Pacientes!$U:$U, 0)), "")} | V28: {=IFERROR(INDEX(Pacientes!$A:$A, MATCH("Pendente|26", Pacientes!$U:$U, 0)), "")} | W28: {=IFERROR(INDEX(Pacientes!$S:$S, MATCH("Pendente|26", Pacientes!$U:$U, 0)), "")} | Y28: {=IFERROR(INDEX(Pacientes!$A:$A, MATCH("Não Precisa no Momento|26", Pacientes!$U:$U, 0)), "")} | Z28: {=IFERROR(INDEX(Pacientes!$S:$S, MATCH("Não Precisa no Momento|26", Pacientes!$U:$U, 0)), "")}
A29: {=IFERROR(INDEX(Pacientes!$A:$A, MATCH("Novo Paciente|27", Pacientes!$U:$U, 0)), "")} | B29: {=IFERROR(INDEX(Pacientes!$G:$G, MATCH("Novo Paciente|27", Pacientes!$U:$U, 0)), "")} | D29: {=IFERROR(INDEX(Pacientes!$A:$A, MATCH("Consulta Marcada|27", Pacientes!$U:$U, 0)), "")} | E29: {=IFERROR(INDEX(Pacientes!$I:$I, MATCH("Consulta Marcada|27", Pacientes!$U:$U, 0)), "")} | G29: {=IFERROR(INDEX(Pacientes!$A:$A, MATCH("Não Compareceu|27", Pacientes!$U:$U, 0)), "")} | H29: {=IFERROR(INDEX(Pacientes!$I:$I, MATCH("Não Compareceu|27", Pacientes!$U:$U, 0)), "")} | J29: {=IFERROR(INDEX(Pacientes!$A:$A, MATCH("Compareceu|27", Pacientes!$U:$U, 0)), "")} | K29: {=IFERROR(INDEX(Pacientes!$K:$K, MATCH("Compareceu|27", Pacientes!$U:$U, 0)), "")} | M29: {=IFERROR(INDEX(Pacientes!$A:$A, MATCH("Plano de Tratamento|27", Pacientes!$U:$U, 0)), "")} | N29: {=IFERROR(INDEX(Pacientes!$M:$M, MATCH("Plano de Tratamento|27", Pacientes!$U:$U, 0)), "")} | P29: {=IFERROR(INDEX(Pacientes!$A:$A, MATCH("Fechado|27", Pacientes!$X:$X, 0)), "")} | Q29: {=IFERROR(INDEX(Pacientes!$O:$O, MATCH("Fechado|27", Pacientes!$X:$X, 0)), "")} | S29: {=IFERROR(INDEX(Pacientes!$A:$A, MATCH("Perdido|27", Pacientes!$U:$U, 0)), "")} | T29: {=IFERROR(INDEX(Pacientes!$Q:$Q, MATCH("Perdido|27", Pacientes!$U:$U, 0)), "")} | V29: {=IFERROR(INDEX(Pacientes!$A:$A, MATCH("Pendente|27", Pacientes!$U:$U, 0)), "")} | W29: {=IFERROR(INDEX(Pacientes!$S:$S, MATCH("Pendente|27", Pacientes!$U:$U, 0)), "")} | Y29: {=IFERROR(INDEX(Pacientes!$A:$A, MATCH("Não Precisa no Momento|27", Pacientes!$U:$U, 0)), "")} | Z29: {=IFERROR(INDEX(Pacientes!$S:$S, MATCH("Não Precisa no Momento|27", Pacientes!$U:$U, 0)), "")}
A30: {=IFERROR(INDEX(Pacientes!$A:$A, MATCH("Novo Paciente|28", Pacientes!$U:$U, 0)), "")} | B30: {=IFERROR(INDEX(Pacientes!$G:$G, MATCH("Novo Paciente|28", Pacientes!$U:$U, 0)), "")} | D30: {=IFERROR(INDEX(Pacientes!$A:$A, MATCH("Consulta Marcada|28", Pacientes!$U:$U, 0)), "")} | E30: {=IFERROR(INDEX(Pacientes!$I:$I, MATCH("Consulta Marcada|28", Pacientes!$U:$U, 0)), "")} | G30: {=IFERROR(INDEX(Pacientes!$A:$A, MATCH("Não Compareceu|28", Pacientes!$U:$U, 0)), "")} | H30: {=IFERROR(INDEX(Pacientes!$I:$I, MATCH("Não Compareceu|28", Pacientes!$U:$U, 0)), "")} | J30: {=IFERROR(INDEX(Pacientes!$A:$A, MATCH("Compareceu|28", Pacientes!$U:$U, 0)), "")} | K30: {=IFERROR(INDEX(Pacientes!$K:$K, MATCH("Compareceu|28", Pacientes!$U:$U, 0)), "")} | M30: {=IFERROR(INDEX(Pacientes!$A:$A, MATCH("Plano de Tratamento|28", Pacientes!$U:$U, 0)), "")} | N30: {=IFERROR(INDEX(Pacientes!$M:$M, MATCH("Plano de Tratamento|28", Pacientes!$U:$U, 0)), "")} | P30: {=IFERROR(INDEX(Pacientes!$A:$A, MATCH("Fechado|28", Pacientes!$X:$X, 0)), "")} | Q30: {=IFERROR(INDEX(Pacientes!$O:$O, MATCH("Fechado|28", Pacientes!$X:$X, 0)), "")} | S30: {=IFERROR(INDEX(Pacientes!$A:$A, MATCH("Perdido|28", Pacientes!$U:$U, 0)), "")} | T30: {=IFERROR(INDEX(Pacientes!$Q:$Q, MATCH("Perdido|28", Pacientes!$U:$U, 0)), "")} | V30: {=IFERROR(INDEX(Pacientes!$A:$A, MATCH("Pendente|28", Pacientes!$U:$U, 0)), "")} | W30: {=IFERROR(INDEX(Pacientes!$S:$S, MATCH("Pendente|28", Pacientes!$U:$U, 0)), "")} | Y30: {=IFERROR(INDEX(Pacientes!$A:$A, MATCH("Não Precisa no Momento|28", Pacientes!$U:$U, 0)), "")} | Z30: {=IFERROR(INDEX(Pacientes!$S:$S, MATCH("Não Precisa no Momento|28", Pacientes!$U:$U, 0)), "")}
A31: {=IFERROR(INDEX(Pacientes!$A:$A, MATCH("Novo Paciente|29", Pacientes!$U:$U, 0)), "")} | B31: {=IFERROR(INDEX(Pacientes!$G:$G, MATCH("Novo Paciente|29", Pacientes!$U:$U, 0)), "")} | D31: {=IFERROR(INDEX(Pacientes!$A:$A, MATCH("Consulta Marcada|29", Pacientes!$U:$U, 0)), "")} | E31: {=IFERROR(INDEX(Pacientes!$I:$I, MATCH("Consulta Marcada|29", Pacientes!$U:$U, 0)), "")} | G31: {=IFERROR(INDEX(Pacientes!$A:$A, MATCH("Não Compareceu|29", Pacientes!$U:$U, 0)), "")} | H31: {=IFERROR(INDEX(Pacientes!$I:$I, MATCH("Não Compareceu|29", Pacientes!$U:$U, 0)), "")} | J31: {=IFERROR(INDEX(Pacientes!$A:$A, MATCH("Compareceu|29", Pacientes!$U:$U, 0)), "")} | K31: {=IFERROR(INDEX(Pacientes!$K:$K, MATCH("Compareceu|29", Pacientes!$U:$U, 0)), "")} | M31: {=IFERROR(INDEX(Pacientes!$A:$A, MATCH("Plano de Tratamento|29", Pacientes!$U:$U, 0)), "")} | N31: {=IFERROR(INDEX(Pacientes!$M:$M, MATCH("Plano de Tratamento|29", Pacientes!$U:$U, 0)), "")} | P31: {=IFERROR(INDEX(Pacientes!$A:$A, MATCH("Fechado|29", Pacientes!$X:$X, 0)), "")} | Q31: {=IFERROR(INDEX(Pacientes!$O:$O, MATCH("Fechado|29", Pacientes!$X:$X, 0)), "")} | S31: {=IFERROR(INDEX(Pacientes!$A:$A, MATCH("Perdido|29", Pacientes!$U:$U, 0)), "")} | T31: {=IFERROR(INDEX(Pacientes!$Q:$Q, MATCH("Perdido|29", Pacientes!$U:$U, 0)), "")} | V31: {=IFERROR(INDEX(Pacientes!$A:$A, MATCH("Pendente|29", Pacientes!$U:$U, 0)), "")} | W31: {=IFERROR(INDEX(Pacientes!$S:$S, MATCH("Pendente|29", Pacientes!$U:$U, 0)), "")} | Y31: {=IFERROR(INDEX(Pacientes!$A:$A, MATCH("Não Precisa no Momento|29", Pacientes!$U:$U, 0)), "")} | Z31: {=IFERROR(INDEX(Pacientes!$S:$S, MATCH("Não Precisa no Momento|29", Pacientes!$U:$U, 0)), "")}
A32: {=IFERROR(INDEX(Pacientes!$A:$A, MATCH("Novo Paciente|30", Pacientes!$U:$U, 0)), "")} | B32: {=IFERROR(INDEX(Pacientes!$G:$G, MATCH("Novo Paciente|30", Pacientes!$U:$U, 0)), "")} | D32: {=IFERROR(INDEX(Pacientes!$A:$A, MATCH("Consulta Marcada|30", Pacientes!$U:$U, 0)), "")} | E32: {=IFERROR(INDEX(Pacientes!$I:$I, MATCH("Consulta Marcada|30", Pacientes!$U:$U, 0)), "")} | G32: {=IFERROR(INDEX(Pacientes!$A:$A, MATCH("Não Compareceu|30", Pacientes!$U:$U, 0)), "")} | H32: {=IFERROR(INDEX(Pacientes!$I:$I, MATCH("Não Compareceu|30", Pacientes!$U:$U, 0)), "")} | J32: {=IFERROR(INDEX(Pacientes!$A:$A, MATCH("Compareceu|30", Pacientes!$U:$U, 0)), "")} | K32: {=IFERROR(INDEX(Pacientes!$K:$K, MATCH("Compareceu|30", Pacientes!$U:$U, 0)), "")} | M32: {=IFERROR(INDEX(Pacientes!$A:$A, MATCH("Plano de Tratamento|30", Pacientes!$U:$U, 0)), "")} | N32: {=IFERROR(INDEX(Pacientes!$M:$M, MATCH("Plano de Tratamento|30", Pacientes!$U:$U, 0)), "")} | P32: {=IFERROR(INDEX(Pacientes!$A:$A, MATCH("Fechado|30", Pacientes!$X:$X, 0)), "")} | Q32: {=IFERROR(INDEX(Pacientes!$O:$O, MATCH("Fechado|30", Pacientes!$X:$X, 0)), "")} | S32: {=IFERROR(INDEX(Pacientes!$A:$A, MATCH("Perdido|30", Pacientes!$U:$U, 0)), "")} | T32: {=IFERROR(INDEX(Pacientes!$Q:$Q, MATCH("Perdido|30", Pacientes!$U:$U, 0)), "")} | V32: {=IFERROR(INDEX(Pacientes!$A:$A, MATCH("Pendente|30", Pacientes!$U:$U, 0)), "")} | W32: {=IFERROR(INDEX(Pacientes!$S:$S, MATCH("Pendente|30", Pacientes!$U:$U, 0)), "")} | Y32: {=IFERROR(INDEX(Pacientes!$A:$A, MATCH("Não Precisa no Momento|30", Pacientes!$U:$U, 0)), "")} | Z32: {=IFERROR(INDEX(Pacientes!$S:$S, MATCH("Não Precisa no Momento|30", Pacientes!$U:$U, 0)), "")}
A33: {=IFERROR(INDEX(Pacientes!$A:$A, MATCH("Novo Paciente|31", Pacientes!$U:$U, 0)), "")} | B33: {=IFERROR(INDEX(Pacientes!$G:$G, MATCH("Novo Paciente|31", Pacientes!$U:$U, 0)), "")} | D33: {=IFERROR(INDEX(Pacientes!$A:$A, MATCH("Consulta Marcada|31", Pacientes!$U:$U, 0)), "")} | E33: {=IFERROR(INDEX(Pacientes!$I:$I, MATCH("Consulta Marcada|31", Pacientes!$U:$U, 0)), "")} | G33: {=IFERROR(INDEX(Pacientes!$A:$A, MATCH("Não Compareceu|31", Pacientes!$U:$U, 0)), "")} | H33: {=IFERROR(INDEX(Pacientes!$I:$I, MATCH("Não Compareceu|31", Pacientes!$U:$U, 0)), "")} | J33: {=IFERROR(INDEX(Pacientes!$A:$A, MATCH("Compareceu|31", Pacientes!$U:$U, 0)), "")} | K33: {=IFERROR(INDEX(Pacientes!$K:$K, MATCH("Compareceu|31", Pacientes!$U:$U, 0)), "")} | M33: {=IFERROR(INDEX(Pacientes!$A:$A, MATCH("Plano de Tratamento|31", Pacientes!$U:$U, 0)), "")} | N33: {=IFERROR(INDEX(Pacientes!$M:$M, MATCH("Plano de Tratamento|31", Pacientes!$U:$U, 0)), "")} | P33: {=IFERROR(INDEX(Pacientes!$A:$A, MATCH("Fechado|31", Pacientes!$X:$X, 0)), "")} | Q33: {=IFERROR(INDEX(Pacientes!$O:$O, MATCH("Fechado|31", Pacientes!$X:$X, 0)), "")} | S33: {=IFERROR(INDEX(Pacientes!$A:$A, MATCH("Perdido|31", Pacientes!$U:$U, 0)), "")} | T33: {=IFERROR(INDEX(Pacientes!$Q:$Q, MATCH("Perdido|31", Pacientes!$U:$U, 0)), "")} | V33: {=IFERROR(INDEX(Pacientes!$A:$A, MATCH("Pendente|31", Pacientes!$U:$U, 0)), "")} | W33: {=IFERROR(INDEX(Pacientes!$S:$S, MATCH("Pendente|31", Pacientes!$U:$U, 0)), "")} | Y33: {=IFERROR(INDEX(Pacientes!$A:$A, MATCH("Não Precisa no Momento|31", Pacientes!$U:$U, 0)), "")} | Z33: {=IFERROR(INDEX(Pacientes!$S:$S, MATCH("Não Precisa no Momento|31", Pacientes!$U:$U, 0)), "")}
A34: {=IFERROR(INDEX(Pacientes!$A:$A, MATCH("Novo Paciente|32", Pacientes!$U:$U, 0)), "")} | B34: {=IFERROR(INDEX(Pacientes!$G:$G, MATCH("Novo Paciente|32", Pacientes!$U:$U, 0)), "")} | D34: {=IFERROR(INDEX(Pacientes!$A:$A, MATCH("Consulta Marcada|32", Pacientes!$U:$U, 0)), "")} | E34: {=IFERROR(INDEX(Pacientes!$I:$I, MATCH("Consulta Marcada|32", Pacientes!$U:$U, 0)), "")} | G34: {=IFERROR(INDEX(Pacientes!$A:$A, MATCH("Não Compareceu|32", Pacientes!$U:$U, 0)), "")} | H34: {=IFERROR(INDEX(Pacientes!$I:$I, MATCH("Não Compareceu|32", Pacientes!$U:$U, 0)), "")} | J34: {=IFERROR(INDEX(Pacientes!$A:$A, MATCH("Compareceu|32", Pacientes!$U:$U, 0)), "")} | K34: {=IFERROR(INDEX(Pacientes!$K:$K, MATCH("Compareceu|32", Pacientes!$U:$U, 0)), "")} | M34: {=IFERROR(INDEX(Pacientes!$A:$A, MATCH("Plano de Tratamento|32", Pacientes!$U:$U, 0)), "")} | N34: {=IFERROR(INDEX(Pacientes!$M:$M, MATCH("Plano de Tratamento|32", Pacientes!$U:$U, 0)), "")} | P34: {=IFERROR(INDEX(Pacientes!$A:$A, MATCH("Fechado|32", Pacientes!$X:$X, 0)), "")} | Q34: {=IFERROR(INDEX(Pacientes!$O:$O, MATCH("Fechado|32", Pacientes!$X:$X, 0)), "")} | S34: {=IFERROR(INDEX(Pacientes!$A:$A, MATCH("Perdido|32", Pacientes!$U:$U, 0)), "")} | T34: {=IFERROR(INDEX(Pacientes!$Q:$Q, MATCH("Perdido|32", Pacientes!$U:$U, 0)), "")} | V34: {=IFERROR(INDEX(Pacientes!$A:$A, MATCH("Pendente|32", Pacientes!$U:$U, 0)), "")} | W34: {=IFERROR(INDEX(Pacientes!$S:$S, MATCH("Pendente|32", Pacientes!$U:$U, 0)), "")} | Y34: {=IFERROR(INDEX(Pacientes!$A:$A, MATCH("Não Precisa no Momento|32", Pacientes!$U:$U, 0)), "")} | Z34: {=IFERROR(INDEX(Pacientes!$S:$S, MATCH("Não Precisa no Momento|32", Pacientes!$U:$U, 0)), "")}
A35: {=IFERROR(INDEX(Pacientes!$A:$A, MATCH("Novo Paciente|33", Pacientes!$U:$U, 0)), "")} | B35: {=IFERROR(INDEX(Pacientes!$G:$G, MATCH("Novo Paciente|33", Pacientes!$U:$U, 0)), "")} | D35: {=IFERROR(INDEX(Pacientes!$A:$A, MATCH("Consulta Marcada|33", Pacientes!$U:$U, 0)), "")} | E35: {=IFERROR(INDEX(Pacientes!$I:$I, MATCH("Consulta Marcada|33", Pacientes!$U:$U, 0)), "")} | G35: {=IFERROR(INDEX(Pacientes!$A:$A, MATCH("Não Compareceu|33", Pacientes!$U:$U, 0)), "")} | H35: {=IFERROR(INDEX(Pacientes!$I:$I, MATCH("Não Compareceu|33", Pacientes!$U:$U, 0)), "")} | J35: {=IFERROR(INDEX(Pacientes!$A:$A, MATCH("Compareceu|33", Pacientes!$U:$U, 0)), "")} | K35: {=IFERROR(INDEX(Pacientes!$K:$K, MATCH("Compareceu|33", Pacientes!$U:$U, 0)), "")} | M35: {=IFERROR(INDEX(Pacientes!$A:$A, MATCH("Plano de Tratamento|33", Pacientes!$U:$U, 0)), "")} | N35: {=IFERROR(INDEX(Pacientes!$M:$M, MATCH("Plano de Tratamento|33", Pacientes!$U:$U, 0)), "")} | P35: {=IFERROR(INDEX(Pacientes!$A:$A, MATCH("Fechado|33", Pacientes!$X:$X, 0)), "")} | Q35: {=IFERROR(INDEX(Pacientes!$O:$O, MATCH("Fechado|33", Pacientes!$X:$X, 0)), "")} | S35: {=IFERROR(INDEX(Pacientes!$A:$A, MATCH("Perdido|33", Pacientes!$U:$U, 0)), "")} | T35: {=IFERROR(INDEX(Pacientes!$Q:$Q, MATCH("Perdido|33", Pacientes!$U:$U, 0)), "")} | V35: {=IFERROR(INDEX(Pacientes!$A:$A, MATCH("Pendente|33", Pacientes!$U:$U, 0)), "")} | W35: {=IFERROR(INDEX(Pacientes!$S:$S, MATCH("Pendente|33", Pacientes!$U:$U, 0)), "")} | Y35: {=IFERROR(INDEX(Pacientes!$A:$A, MATCH("Não Precisa no Momento|33", Pacientes!$U:$U, 0)), "")} | Z35: {=IFERROR(INDEX(Pacientes!$S:$S, MATCH("Não Precisa no Momento|33", Pacientes!$U:$U, 0)), "")}
A36: {=IFERROR(INDEX(Pacientes!$A:$A, MATCH("Novo Paciente|34", Pacientes!$U:$U, 0)), "")} | B36: {=IFERROR(INDEX(Pacientes!$G:$G, MATCH("Novo Paciente|34", Pacientes!$U:$U, 0)), "")} | D36: {=IFERROR(INDEX(Pacientes!$A:$A, MATCH("Consulta Marcada|34", Pacientes!$U:$U, 0)), "")} | E36: {=IFERROR(INDEX(Pacientes!$I:$I, MATCH("Consulta Marcada|34", Pacientes!$U:$U, 0)), "")} | G36: {=IFERROR(INDEX(Pacientes!$A:$A, MATCH("Não Compareceu|34", Pacientes!$U:$U, 0)), "")} | H36: {=IFERROR(INDEX(Pacientes!$I:$I, MATCH("Não Compareceu|34", Pacientes!$U:$U, 0)), "")} | J36: {=IFERROR(INDEX(Pacientes!$A:$A, MATCH("Compareceu|34", Pacientes!$U:$U, 0)), "")} | K36: {=IFERROR(INDEX(Pacientes!$K:$K, MATCH("Compareceu|34", Pacientes!$U:$U, 0)), "")} | M36: {=IFERROR(INDEX(Pacientes!$A:$A, MATCH("Plano de Tratamento|34", Pacientes!$U:$U, 0)), "")} | N36: {=IFERROR(INDEX(Pacientes!$M:$M, MATCH("Plano de Tratamento|34", Pacientes!$U:$U, 0)), "")} | P36: {=IFERROR(INDEX(Pacientes!$A:$A, MATCH("Fechado|34", Pacientes!$X:$X, 0)), "")} | Q36: {=IFERROR(INDEX(Pacientes!$O:$O, MATCH("Fechado|34", Pacientes!$X:$X, 0)), "")} | S36: {=IFERROR(INDEX(Pacientes!$A:$A, MATCH("Perdido|34", Pacientes!$U:$U, 0)), "")} | T36: {=IFERROR(INDEX(Pacientes!$Q:$Q, MATCH("Perdido|34", Pacientes!$U:$U, 0)), "")} | V36: {=IFERROR(INDEX(Pacientes!$A:$A, MATCH("Pendente|34", Pacientes!$U:$U, 0)), "")} | W36: {=IFERROR(INDEX(Pacientes!$S:$S, MATCH("Pendente|34", Pacientes!$U:$U, 0)), "")} | Y36: {=IFERROR(INDEX(Pacientes!$A:$A, MATCH("Não Precisa no Momento|34", Pacientes!$U:$U, 0)), "")} | Z36: {=IFERROR(INDEX(Pacientes!$S:$S, MATCH("Não Precisa no Momento|34", Pacientes!$U:$U, 0)), "")}
A37: {=IFERROR(INDEX(Pacientes!$A:$A, MATCH("Novo Paciente|35", Pacientes!$U:$U, 0)), "")} | B37: {=IFERROR(INDEX(Pacientes!$G:$G, MATCH("Novo Paciente|35", Pacientes!$U:$U, 0)), "")} | D37: {=IFERROR(INDEX(Pacientes!$A:$A, MATCH("Consulta Marcada|35", Pacientes!$U:$U, 0)), "")} | E37: {=IFERROR(INDEX(Pacientes!$I:$I, MATCH("Consulta Marcada|35", Pacientes!$U:$U, 0)), "")} | G37: {=IFERROR(INDEX(Pacientes!$A:$A, MATCH("Não Compareceu|35", Pacientes!$U:$U, 0)), "")} | H37: {=IFERROR(INDEX(Pacientes!$I:$I, MATCH("Não Compareceu|35", Pacientes!$U:$U, 0)), "")} | J37: {=IFERROR(INDEX(Pacientes!$A:$A, MATCH("Compareceu|35", Pacientes!$U:$U, 0)), "")} | K37: {=IFERROR(INDEX(Pacientes!$K:$K, MATCH("Compareceu|35", Pacientes!$U:$U, 0)), "")} | M37: {=IFERROR(INDEX(Pacientes!$A:$A, MATCH("Plano de Tratamento|35", Pacientes!$U:$U, 0)), "")} | N37: {=IFERROR(INDEX(Pacientes!$M:$M, MATCH("Plano de Tratamento|35", Pacientes!$U:$U, 0)), "")} | P37: {=IFERROR(INDEX(Pacientes!$A:$A, MATCH("Fechado|35", Pacientes!$X:$X, 0)), "")} | Q37: {=IFERROR(INDEX(Pacientes!$O:$O, MATCH("Fechado|35", Pacientes!$X:$X, 0)), "")} | S37: {=IFERROR(INDEX(Pacientes!$A:$A, MATCH("Perdido|35", Pacientes!$U:$U, 0)), "")} | T37: {=IFERROR(INDEX(Pacientes!$Q:$Q, MATCH("Perdido|35", Pacientes!$U:$U, 0)), "")} | V37: {=IFERROR(INDEX(Pacientes!$A:$A, MATCH("Pendente|35", Pacientes!$U:$U, 0)), "")} | W37: {=IFERROR(INDEX(Pacientes!$S:$S, MATCH("Pendente|35", Pacientes!$U:$U, 0)), "")} | Y37: {=IFERROR(INDEX(Pacientes!$A:$A, MATCH("Não Precisa no Momento|35", Pacientes!$U:$U, 0)), "")} | Z37: {=IFERROR(INDEX(Pacientes!$S:$S, MATCH("Não Precisa no Momento|35", Pacientes!$U:$U, 0)), "")}
A38: {=IFERROR(INDEX(Pacientes!$A:$A, MATCH("Novo Paciente|36", Pacientes!$U:$U, 0)), "")} | B38: {=IFERROR(INDEX(Pacientes!$G:$G, MATCH("Novo Paciente|36", Pacientes!$U:$U, 0)), "")} | D38: {=IFERROR(INDEX(Pacientes!$A:$A, MATCH("Consulta Marcada|36", Pacientes!$U:$U, 0)), "")} | E38: {=IFERROR(INDEX(Pacientes!$I:$I, MATCH("Consulta Marcada|36", Pacientes!$U:$U, 0)), "")} | G38: {=IFERROR(INDEX(Pacientes!$A:$A, MATCH("Não Compareceu|36", Pacientes!$U:$U, 0)), "")} | H38: {=IFERROR(INDEX(Pacientes!$I:$I, MATCH("Não Compareceu|36", Pacientes!$U:$U, 0)), "")} | J38: {=IFERROR(INDEX(Pacientes!$A:$A, MATCH("Compareceu|36", Pacientes!$U:$U, 0)), "")} | K38: {=IFERROR(INDEX(Pacientes!$K:$K, MATCH("Compareceu|36", Pacientes!$U:$U, 0)), "")} | M38: {=IFERROR(INDEX(Pacientes!$A:$A, MATCH("Plano de Tratamento|36", Pacientes!$U:$U, 0)), "")} | N38: {=IFERROR(INDEX(Pacientes!$M:$M, MATCH("Plano de Tratamento|36", Pacientes!$U:$U, 0)), "")} | P38: {=IFERROR(INDEX(Pacientes!$A:$A, MATCH("Fechado|36", Pacientes!$X:$X, 0)), "")} | Q38: {=IFERROR(INDEX(Pacientes!$O:$O, MATCH("Fechado|36", Pacientes!$X:$X, 0)), "")} | S38: {=IFERROR(INDEX(Pacientes!$A:$A, MATCH("Perdido|36", Pacientes!$U:$U, 0)), "")} | T38: {=IFERROR(INDEX(Pacientes!$Q:$Q, MATCH("Perdido|36", Pacientes!$U:$U, 0)), "")} | V38: {=IFERROR(INDEX(Pacientes!$A:$A, MATCH("Pendente|36", Pacientes!$U:$U, 0)), "")} | W38: {=IFERROR(INDEX(Pacientes!$S:$S, MATCH("Pendente|36", Pacientes!$U:$U, 0)), "")} | Y38: {=IFERROR(INDEX(Pacientes!$A:$A, MATCH("Não Precisa no Momento|36", Pacientes!$U:$U, 0)), "")} | Z38: {=IFERROR(INDEX(Pacientes!$S:$S, MATCH("Não Precisa no Momento|36", Pacientes!$U:$U, 0)), "")}
A39: {=IFERROR(INDEX(Pacientes!$A:$A, MATCH("Novo Paciente|37", Pacientes!$U:$U, 0)), "")} | B39: {=IFERROR(INDEX(Pacientes!$G:$G, MATCH("Novo Paciente|37", Pacientes!$U:$U, 0)), "")} | D39: {=IFERROR(INDEX(Pacientes!$A:$A, MATCH("Consulta Marcada|37", Pacientes!$U:$U, 0)), "")} | E39: {=IFERROR(INDEX(Pacientes!$I:$I, MATCH("Consulta Marcada|37", Pacientes!$U:$U, 0)), "")} | G39: {=IFERROR(INDEX(Pacientes!$A:$A, MATCH("Não Compareceu|37", Pacientes!$U:$U, 0)), "")} | H39: {=IFERROR(INDEX(Pacientes!$I:$I, MATCH("Não Compareceu|37", Pacientes!$U:$U, 0)), "")} | J39: {=IFERROR(INDEX(Pacientes!$A:$A, MATCH("Compareceu|37", Pacientes!$U:$U, 0)), "")} | K39: {=IFERROR(INDEX(Pacientes!$K:$K, MATCH("Compareceu|37", Pacientes!$U:$U, 0)), "")} | M39: {=IFERROR(INDEX(Pacientes!$A:$A, MATCH("Plano de Tratamento|37", Pacientes!$U:$U, 0)), "")} | N39: {=IFERROR(INDEX(Pacientes!$M:$M, MATCH("Plano de Tratamento|37", Pacientes!$U:$U, 0)), "")} | P39: {=IFERROR(INDEX(Pacientes!$A:$A, MATCH("Fechado|37", Pacientes!$X:$X, 0)), "")} | Q39: {=IFERROR(INDEX(Pacientes!$O:$O, MATCH("Fechado|37", Pacientes!$X:$X, 0)), "")} | S39: {=IFERROR(INDEX(Pacientes!$A:$A, MATCH("Perdido|37", Pacientes!$U:$U, 0)), "")} | T39: {=IFERROR(INDEX(Pacientes!$Q:$Q, MATCH("Perdido|37", Pacientes!$U:$U, 0)), "")} | V39: {=IFERROR(INDEX(Pacientes!$A:$A, MATCH("Pendente|37", Pacientes!$U:$U, 0)), "")} | W39: {=IFERROR(INDEX(Pacientes!$S:$S, MATCH("Pendente|37", Pacientes!$U:$U, 0)), "")} | Y39: {=IFERROR(INDEX(Pacientes!$A:$A, MATCH("Não Precisa no Momento|37", Pacientes!$U:$U, 0)), "")} | Z39: {=IFERROR(INDEX(Pacientes!$S:$S, MATCH("Não Precisa no Momento|37", Pacientes!$U:$U, 0)), "")}
A40: {=IFERROR(INDEX(Pacientes!$A:$A, MATCH("Novo Paciente|38", Pacientes!$U:$U, 0)), "")} | B40: {=IFERROR(INDEX(Pacientes!$G:$G, MATCH("Novo Paciente|38", Pacientes!$U:$U, 0)), "")} | D40: {=IFERROR(INDEX(Pacientes!$A:$A, MATCH("Consulta Marcada|38", Pacientes!$U:$U, 0)), "")} | E40: {=IFERROR(INDEX(Pacientes!$I:$I, MATCH("Consulta Marcada|38", Pacientes!$U:$U, 0)), "")} | G40: {=IFERROR(INDEX(Pacientes!$A:$A, MATCH("Não Compareceu|38", Pacientes!$U:$U, 0)), "")} | H40: {=IFERROR(INDEX(Pacientes!$I:$I, MATCH("Não Compareceu|38", Pacientes!$U:$U, 0)), "")} | J40: {=IFERROR(INDEX(Pacientes!$A:$A, MATCH("Compareceu|38", Pacientes!$U:$U, 0)), "")} | K40: {=IFERROR(INDEX(Pacientes!$K:$K, MATCH("Compareceu|38", Pacientes!$U:$U, 0)), "")} | M40: {=IFERROR(INDEX(Pacientes!$A:$A, MATCH("Plano de Tratamento|38", Pacientes!$U:$U, 0)), "")} | N40: {=IFERROR(INDEX(Pacientes!$M:$M, MATCH("Plano de Tratamento|38", Pacientes!$U:$U, 0)), "")} | P40: {=IFERROR(INDEX(Pacientes!$A:$A, MATCH("Fechado|38", Pacientes!$X:$X, 0)), "")} | Q40: {=IFERROR(INDEX(Pacientes!$O:$O, MATCH("Fechado|38", Pacientes!$X:$X, 0)), "")} | S40: {=IFERROR(INDEX(Pacientes!$A:$A, MATCH("Perdido|38", Pacientes!$U:$U, 0)), "")} | T40: {=IFERROR(INDEX(Pacientes!$Q:$Q, MATCH("Perdido|38", Pacientes!$U:$U, 0)), "")} | V40: {=IFERROR(INDEX(Pacientes!$A:$A, MATCH("Pendente|38", Pacientes!$U:$U, 0)), "")} | W40: {=IFERROR(INDEX(Pacientes!$S:$S, MATCH("Pendente|38", Pacientes!$U:$U, 0)), "")} | Y40: {=IFERROR(INDEX(Pacientes!$A:$A, MATCH("Não Precisa no Momento|38", Pacientes!$U:$U, 0)), "")} | Z40: {=IFERROR(INDEX(Pacientes!$S:$S, MATCH("Não Precisa no Momento|38", Pacientes!$U:$U, 0)), "")}
A41: {=IFERROR(INDEX(Pacientes!$A:$A, MATCH("Novo Paciente|39", Pacientes!$U:$U, 0)), "")} | B41: {=IFERROR(INDEX(Pacientes!$G:$G, MATCH("Novo Paciente|39", Pacientes!$U:$U, 0)), "")} | D41: {=IFERROR(INDEX(Pacientes!$A:$A, MATCH("Consulta Marcada|39", Pacientes!$U:$U, 0)), "")} | E41: {=IFERROR(INDEX(Pacientes!$I:$I, MATCH("Consulta Marcada|39", Pacientes!$U:$U, 0)), "")} | G41: {=IFERROR(INDEX(Pacientes!$A:$A, MATCH("Não Compareceu|39", Pacientes!$U:$U, 0)), "")} | H41: {=IFERROR(INDEX(Pacientes!$I:$I, MATCH("Não Compareceu|39", Pacientes!$U:$U, 0)), "")} | J41: {=IFERROR(INDEX(Pacientes!$A:$A, MATCH("Compareceu|39", Pacientes!$U:$U, 0)), "")} | K41: {=IFERROR(INDEX(Pacientes!$K:$K, MATCH("Compareceu|39", Pacientes!$U:$U, 0)), "")} | M41: {=IFERROR(INDEX(Pacientes!$A:$A, MATCH("Plano de Tratamento|39", Pacientes!$U:$U, 0)), "")} | N41: {=IFERROR(INDEX(Pacientes!$M:$M, MATCH("Plano de Tratamento|39", Pacientes!$U:$U, 0)), "")} | P41: {=IFERROR(INDEX(Pacientes!$A:$A, MATCH("Fechado|39", Pacientes!$X:$X, 0)), "")} | Q41: {=IFERROR(INDEX(Pacientes!$O:$O, MATCH("Fechado|39", Pacientes!$X:$X, 0)), "")} | S41: {=IFERROR(INDEX(Pacientes!$A:$A, MATCH("Perdido|39", Pacientes!$U:$U, 0)), "")} | T41: {=IFERROR(INDEX(Pacientes!$Q:$Q, MATCH("Perdido|39", Pacientes!$U:$U, 0)), "")} | V41: {=IFERROR(INDEX(Pacientes!$A:$A, MATCH("Pendente|39", Pacientes!$U:$U, 0)), "")} | W41: {=IFERROR(INDEX(Pacientes!$S:$S, MATCH("Pendente|39", Pacientes!$U:$U, 0)), "")} | Y41: {=IFERROR(INDEX(Pacientes!$A:$A, MATCH("Não Precisa no Momento|39", Pacientes!$U:$U, 0)), "")} | Z41: {=IFERROR(INDEX(Pacientes!$S:$S, MATCH("Não Precisa no Momento|39", Pacientes!$U:$U, 0)), "")}
A42: {=IFERROR(INDEX(Pacientes!$A:$A, MATCH("Novo Paciente|40", Pacientes!$U:$U, 0)), "")} | B42: {=IFERROR(INDEX(Pacientes!$G:$G, MATCH("Novo Paciente|40", Pacientes!$U:$U, 0)), "")} | D42: {=IFERROR(INDEX(Pacientes!$A:$A, MATCH("Consulta Marcada|40", Pacientes!$U:$U, 0)), "")} | E42: {=IFERROR(INDEX(Pacientes!$I:$I, MATCH("Consulta Marcada|40", Pacientes!$U:$U, 0)), "")} | G42: {=IFERROR(INDEX(Pacientes!$A:$A, MATCH("Não Compareceu|40", Pacientes!$U:$U, 0)), "")} | H42: {=IFERROR(INDEX(Pacientes!$I:$I, MATCH("Não Compareceu|40", Pacientes!$U:$U, 0)), "")} | J42: {=IFERROR(INDEX(Pacientes!$A:$A, MATCH("Compareceu|40", Pacientes!$U:$U, 0)), "")} | K42: {=IFERROR(INDEX(Pacientes!$K:$K, MATCH("Compareceu|40", Pacientes!$U:$U, 0)), "")} | M42: {=IFERROR(INDEX(Pacientes!$A:$A, MATCH("Plano de Tratamento|40", Pacientes!$U:$U, 0)), "")} | N42: {=IFERROR(INDEX(Pacientes!$M:$M, MATCH("Plano de Tratamento|40", Pacientes!$U:$U, 0)), "")} | P42: {=IFERROR(INDEX(Pacientes!$A:$A, MATCH("Fechado|40", Pacientes!$X:$X, 0)), "")} | Q42: {=IFERROR(INDEX(Pacientes!$O:$O, MATCH("Fechado|40", Pacientes!$X:$X, 0)), "")} | S42: {=IFERROR(INDEX(Pacientes!$A:$A, MATCH("Perdido|40", Pacientes!$U:$U, 0)), "")} | T42: {=IFERROR(INDEX(Pacientes!$Q:$Q, MATCH("Perdido|40", Pacientes!$U:$U, 0)), "")} | V42: {=IFERROR(INDEX(Pacientes!$A:$A, MATCH("Pendente|40", Pacientes!$U:$U, 0)), "")} | W42: {=IFERROR(INDEX(Pacientes!$S:$S, MATCH("Pendente|40", Pacientes!$U:$U, 0)), "")} | Y42: {=IFERROR(INDEX(Pacientes!$A:$A, MATCH("Não Precisa no Momento|40", Pacientes!$U:$U, 0)), "")} | Z42: {=IFERROR(INDEX(Pacientes!$S:$S, MATCH("Não Precisa no Momento|40", Pacientes!$U:$U, 0)), "")}
A43: {=IFERROR(INDEX(Pacientes!$A:$A, MATCH("Novo Paciente|41", Pacientes!$U:$U, 0)), "")} | B43: {=IFERROR(INDEX(Pacientes!$G:$G, MATCH("Novo Paciente|41", Pacientes!$U:$U, 0)), "")} | D43: {=IFERROR(INDEX(Pacientes!$A:$A, MATCH("Consulta Marcada|41", Pacientes!$U:$U, 0)), "")} | E43: {=IFERROR(INDEX(Pacientes!$I:$I, MATCH("Consulta Marcada|41", Pacientes!$U:$U, 0)), "")} | G43: {=IFERROR(INDEX(Pacientes!$A:$A, MATCH("Não Compareceu|41", Pacientes!$U:$U, 0)), "")} | H43: {=IFERROR(INDEX(Pacientes!$I:$I, MATCH("Não Compareceu|41", Pacientes!$U:$U, 0)), "")} | J43: {=IFERROR(INDEX(Pacientes!$A:$A, MATCH("Compareceu|41", Pacientes!$U:$U, 0)), "")} | K43: {=IFERROR(INDEX(Pacientes!$K:$K, MATCH("Compareceu|41", Pacientes!$U:$U, 0)), "")} | M43: {=IFERROR(INDEX(Pacientes!$A:$A, MATCH("Plano de Tratamento|41", Pacientes!$U:$U, 0)), "")} | N43: {=IFERROR(INDEX(Pacientes!$M:$M, MATCH("Plano de Tratamento|41", Pacientes!$U:$U, 0)), "")} | P43: {=IFERROR(INDEX(Pacientes!$A:$A, MATCH("Fechado|41", Pacientes!$X:$X, 0)), "")} | Q43: {=IFERROR(INDEX(Pacientes!$O:$O, MATCH("Fechado|41", Pacientes!$X:$X, 0)), "")} | S43: {=IFERROR(INDEX(Pacientes!$A:$A, MATCH("Perdido|41", Pacientes!$U:$U, 0)), "")} | T43: {=IFERROR(INDEX(Pacientes!$Q:$Q, MATCH("Perdido|41", Pacientes!$U:$U, 0)), "")} | V43: {=IFERROR(INDEX(Pacientes!$A:$A, MATCH("Pendente|41", Pacientes!$U:$U, 0)), "")} | W43: {=IFERROR(INDEX(Pacientes!$S:$S, MATCH("Pendente|41", Pacientes!$U:$U, 0)), "")} | Y43: {=IFERROR(INDEX(Pacientes!$A:$A, MATCH("Não Precisa no Momento|41", Pacientes!$U:$U, 0)), "")} | Z43: {=IFERROR(INDEX(Pacientes!$S:$S, MATCH("Não Precisa no Momento|41", Pacientes!$U:$U, 0)), "")}
A44: {=IFERROR(INDEX(Pacientes!$A:$A, MATCH("Novo Paciente|42", Pacientes!$U:$U, 0)), "")} | B44: {=IFERROR(INDEX(Pacientes!$G:$G, MATCH("Novo Paciente|42", Pacientes!$U:$U, 0)), "")} | D44: {=IFERROR(INDEX(Pacientes!$A:$A, MATCH("Consulta Marcada|42", Pacientes!$U:$U, 0)), "")} | E44: {=IFERROR(INDEX(Pacientes!$I:$I, MATCH("Consulta Marcada|42", Pacientes!$U:$U, 0)), "")} | G44: {=IFERROR(INDEX(Pacientes!$A:$A, MATCH("Não Compareceu|42", Pacientes!$U:$U, 0)), "")} | H44: {=IFERROR(INDEX(Pacientes!$I:$I, MATCH("Não Compareceu|42", Pacientes!$U:$U, 0)), "")} | J44: {=IFERROR(INDEX(Pacientes!$A:$A, MATCH("Compareceu|42", Pacientes!$U:$U, 0)), "")} | K44: {=IFERROR(INDEX(Pacientes!$K:$K, MATCH("Compareceu|42", Pacientes!$U:$U, 0)), "")} | M44: {=IFERROR(INDEX(Pacientes!$A:$A, MATCH("Plano de Tratamento|42", Pacientes!$U:$U, 0)), "")} | N44: {=IFERROR(INDEX(Pacientes!$M:$M, MATCH("Plano de Tratamento|42", Pacientes!$U:$U, 0)), "")} | P44: {=IFERROR(INDEX(Pacientes!$A:$A, MATCH("Fechado|42", Pacientes!$X:$X, 0)), "")} | Q44: {=IFERROR(INDEX(Pacientes!$O:$O, MATCH("Fechado|42", Pacientes!$X:$X, 0)), "")} | S44: {=IFERROR(INDEX(Pacientes!$A:$A, MATCH("Perdido|42", Pacientes!$U:$U, 0)), "")} | T44: {=IFERROR(INDEX(Pacientes!$Q:$Q, MATCH("Perdido|42", Pacientes!$U:$U, 0)), "")} | V44: {=IFERROR(INDEX(Pacientes!$A:$A, MATCH("Pendente|42", Pacientes!$U:$U, 0)), "")} | W44: {=IFERROR(INDEX(Pacientes!$S:$S, MATCH("Pendente|42", Pacientes!$U:$U, 0)), "")} | Y44: {=IFERROR(INDEX(Pacientes!$A:$A, MATCH("Não Precisa no Momento|42", Pacientes!$U:$U, 0)), "")} | Z44: {=IFERROR(INDEX(Pacientes!$S:$S, MATCH("Não Precisa no Momento|42", Pacientes!$U:$U, 0)), "")}
A45: {=IFERROR(INDEX(Pacientes!$A:$A, MATCH("Novo Paciente|43", Pacientes!$U:$U, 0)), "")} | B45: {=IFERROR(INDEX(Pacientes!$G:$G, MATCH("Novo Paciente|43", Pacientes!$U:$U, 0)), "")} | D45: {=IFERROR(INDEX(Pacientes!$A:$A, MATCH("Consulta Marcada|43", Pacientes!$U:$U, 0)), "")} | E45: {=IFERROR(INDEX(Pacientes!$I:$I, MATCH("Consulta Marcada|43", Pacientes!$U:$U, 0)), "")} | G45: {=IFERROR(INDEX(Pacientes!$A:$A, MATCH("Não Compareceu|43", Pacientes!$U:$U, 0)), "")} | H45: {=IFERROR(INDEX(Pacientes!$I:$I, MATCH("Não Compareceu|43", Pacientes!$U:$U, 0)), "")} | J45: {=IFERROR(INDEX(Pacientes!$A:$A, MATCH("Compareceu|43", Pacientes!$U:$U, 0)), "")} | K45: {=IFERROR(INDEX(Pacientes!$K:$K, MATCH("Compareceu|43", Pacientes!$U:$U, 0)), "")} | M45: {=IFERROR(INDEX(Pacientes!$A:$A, MATCH("Plano de Tratamento|43", Pacientes!$U:$U, 0)), "")} | N45: {=IFERROR(INDEX(Pacientes!$M:$M, MATCH("Plano de Tratamento|43", Pacientes!$U:$U, 0)), "")} | P45: {=IFERROR(INDEX(Pacientes!$A:$A, MATCH("Fechado|43", Pacientes!$X:$X, 0)), "")} | Q45: {=IFERROR(INDEX(Pacientes!$O:$O, MATCH("Fechado|43", Pacientes!$X:$X, 0)), "")} | S45: {=IFERROR(INDEX(Pacientes!$A:$A, MATCH("Perdido|43", Pacientes!$U:$U, 0)), "")} | T45: {=IFERROR(INDEX(Pacientes!$Q:$Q, MATCH("Perdido|43", Pacientes!$U:$U, 0)), "")} | V45: {=IFERROR(INDEX(Pacientes!$A:$A, MATCH("Pendente|43", Pacientes!$U:$U, 0)), "")} | W45: {=IFERROR(INDEX(Pacientes!$S:$S, MATCH("Pendente|43", Pacientes!$U:$U, 0)), "")} | Y45: {=IFERROR(INDEX(Pacientes!$A:$A, MATCH("Não Precisa no Momento|43", Pacientes!$U:$U, 0)), "")} | Z45: {=IFERROR(INDEX(Pacientes!$S:$S, MATCH("Não Precisa no Momento|43", Pacientes!$U:$U, 0)), "")}
A46: {=IFERROR(INDEX(Pacientes!$A:$A, MATCH("Novo Paciente|44", Pacientes!$U:$U, 0)), "")} | B46: {=IFERROR(INDEX(Pacientes!$G:$G, MATCH("Novo Paciente|44", Pacientes!$U:$U, 0)), "")} | D46: {=IFERROR(INDEX(Pacientes!$A:$A, MATCH("Consulta Marcada|44", Pacientes!$U:$U, 0)), "")} | E46: {=IFERROR(INDEX(Pacientes!$I:$I, MATCH("Consulta Marcada|44", Pacientes!$U:$U, 0)), "")} | G46: {=IFERROR(INDEX(Pacientes!$A:$A, MATCH("Não Compareceu|44", Pacientes!$U:$U, 0)), "")} | H46: {=IFERROR(INDEX(Pacientes!$I:$I, MATCH("Não Compareceu|44", Pacientes!$U:$U, 0)), "")} | J46: {=IFERROR(INDEX(Pacientes!$A:$A, MATCH("Compareceu|44", Pacientes!$U:$U, 0)), "")} | K46: {=IFERROR(INDEX(Pacientes!$K:$K, MATCH("Compareceu|44", Pacientes!$U:$U, 0)), "")} | M46: {=IFERROR(INDEX(Pacientes!$A:$A, MATCH("Plano de Tratamento|44", Pacientes!$U:$U, 0)), "")} | N46: {=IFERROR(INDEX(Pacientes!$M:$M, MATCH("Plano de Tratamento|44", Pacientes!$U:$U, 0)), "")} | P46: {=IFERROR(INDEX(Pacientes!$A:$A, MATCH("Fechado|44", Pacientes!$X:$X, 0)), "")} | Q46: {=IFERROR(INDEX(Pacientes!$O:$O, MATCH("Fechado|44", Pacientes!$X:$X, 0)), "")} | S46: {=IFERROR(INDEX(Pacientes!$A:$A, MATCH("Perdido|44", Pacientes!$U:$U, 0)), "")} | T46: {=IFERROR(INDEX(Pacientes!$Q:$Q, MATCH("Perdido|44", Pacientes!$U:$U, 0)), "")} | V46: {=IFERROR(INDEX(Pacientes!$A:$A, MATCH("Pendente|44", Pacientes!$U:$U, 0)), "")} | W46: {=IFERROR(INDEX(Pacientes!$S:$S, MATCH("Pendente|44", Pacientes!$U:$U, 0)), "")} | Y46: {=IFERROR(INDEX(Pacientes!$A:$A, MATCH("Não Precisa no Momento|44", Pacientes!$U:$U, 0)), "")} | Z46: {=IFERROR(INDEX(Pacientes!$S:$S, MATCH("Não Precisa no Momento|44", Pacientes!$U:$U, 0)), "")}
A47: {=IFERROR(INDEX(Pacientes!$A:$A, MATCH("Novo Paciente|45", Pacientes!$U:$U, 0)), "")} | B47: {=IFERROR(INDEX(Pacientes!$G:$G, MATCH("Novo Paciente|45", Pacientes!$U:$U, 0)), "")} | D47: {=IFERROR(INDEX(Pacientes!$A:$A, MATCH("Consulta Marcada|45", Pacientes!$U:$U, 0)), "")} | E47: {=IFERROR(INDEX(Pacientes!$I:$I, MATCH("Consulta Marcada|45", Pacientes!$U:$U, 0)), "")} | G47: {=IFERROR(INDEX(Pacientes!$A:$A, MATCH("Não Compareceu|45", Pacientes!$U:$U, 0)), "")} | H47: {=IFERROR(INDEX(Pacientes!$I:$I, MATCH("Não Compareceu|45", Pacientes!$U:$U, 0)), "")} | J47: {=IFERROR(INDEX(Pacientes!$A:$A, MATCH("Compareceu|45", Pacientes!$U:$U, 0)), "")} | K47: {=IFERROR(INDEX(Pacientes!$K:$K, MATCH("Compareceu|45", Pacientes!$U:$U, 0)), "")} | M47: {=IFERROR(INDEX(Pacientes!$A:$A, MATCH("Plano de Tratamento|45", Pacientes!$U:$U, 0)), "")} | N47: {=IFERROR(INDEX(Pacientes!$M:$M, MATCH("Plano de Tratamento|45", Pacientes!$U:$U, 0)), "")} | P47: {=IFERROR(INDEX(Pacientes!$A:$A, MATCH("Fechado|45", Pacientes!$X:$X, 0)), "")} | Q47: {=IFERROR(INDEX(Pacientes!$O:$O, MATCH("Fechado|45", Pacientes!$X:$X, 0)), "")} | S47: {=IFERROR(INDEX(Pacientes!$A:$A, MATCH("Perdido|45", Pacientes!$U:$U, 0)), "")} | T47: {=IFERROR(INDEX(Pacientes!$Q:$Q, MATCH("Perdido|45", Pacientes!$U:$U, 0)), "")} | V47: {=IFERROR(INDEX(Pacientes!$A:$A, MATCH("Pendente|45", Pacientes!$U:$U, 0)), "")} | W47: {=IFERROR(INDEX(Pacientes!$S:$S, MATCH("Pendente|45", Pacientes!$U:$U, 0)), "")} | Y47: {=IFERROR(INDEX(Pacientes!$A:$A, MATCH("Não Precisa no Momento|45", Pacientes!$U:$U, 0)), "")} | Z47: {=IFERROR(INDEX(Pacientes!$S:$S, MATCH("Não Precisa no Momento|45", Pacientes!$U:$U, 0)), "")}
A48: {=IFERROR(INDEX(Pacientes!$A:$A, MATCH("Novo Paciente|46", Pacientes!$U:$U, 0)), "")} | B48: {=IFERROR(INDEX(Pacientes!$G:$G, MATCH("Novo Paciente|46", Pacientes!$U:$U, 0)), "")} | D48: {=IFERROR(INDEX(Pacientes!$A:$A, MATCH("Consulta Marcada|46", Pacientes!$U:$U, 0)), "")} | E48: {=IFERROR(INDEX(Pacientes!$I:$I, MATCH("Consulta Marcada|46", Pacientes!$U:$U, 0)), "")} | G48: {=IFERROR(INDEX(Pacientes!$A:$A, MATCH("Não Compareceu|46", Pacientes!$U:$U, 0)), "")} | H48: {=IFERROR(INDEX(Pacientes!$I:$I, MATCH("Não Compareceu|46", Pacientes!$U:$U, 0)), "")} | J48: {=IFERROR(INDEX(Pacientes!$A:$A, MATCH("Compareceu|46", Pacientes!$U:$U, 0)), "")} | K48: {=IFERROR(INDEX(Pacientes!$K:$K, MATCH("Compareceu|46", Pacientes!$U:$U, 0)), "")} | M48: {=IFERROR(INDEX(Pacientes!$A:$A, MATCH("Plano de Tratamento|46", Pacientes!$U:$U, 0)), "")} | N48: {=IFERROR(INDEX(Pacientes!$M:$M, MATCH("Plano de Tratamento|46", Pacientes!$U:$U, 0)), "")} | P48: {=IFERROR(INDEX(Pacientes!$A:$A, MATCH("Fechado|46", Pacientes!$X:$X, 0)), "")} | Q48: {=IFERROR(INDEX(Pacientes!$O:$O, MATCH("Fechado|46", Pacientes!$X:$X, 0)), "")} | S48: {=IFERROR(INDEX(Pacientes!$A:$A, MATCH("Perdido|46", Pacientes!$U:$U, 0)), "")} | T48: {=IFERROR(INDEX(Pacientes!$Q:$Q, MATCH("Perdido|46", Pacientes!$U:$U, 0)), "")} | V48: {=IFERROR(INDEX(Pacientes!$A:$A, MATCH("Pendente|46", Pacientes!$U:$U, 0)), "")} | W48: {=IFERROR(INDEX(Pacientes!$S:$S, MATCH("Pendente|46", Pacientes!$U:$U, 0)), "")} | Y48: {=IFERROR(INDEX(Pacientes!$A:$A, MATCH("Não Precisa no Momento|46", Pacientes!$U:$U, 0)), "")} | Z48: {=IFERROR(INDEX(Pacientes!$S:$S, MATCH("Não Precisa no Momento|46", Pacientes!$U:$U, 0)), "")}
A49: {=IFERROR(INDEX(Pacientes!$A:$A, MATCH("Novo Paciente|47", Pacientes!$U:$U, 0)), "")} | B49: {=IFERROR(INDEX(Pacientes!$G:$G, MATCH("Novo Paciente|47", Pacientes!$U:$U, 0)), "")} | D49: {=IFERROR(INDEX(Pacientes!$A:$A, MATCH("Consulta Marcada|47", Pacientes!$U:$U, 0)), "")} | E49: {=IFERROR(INDEX(Pacientes!$I:$I, MATCH("Consulta Marcada|47", Pacientes!$U:$U, 0)), "")} | G49: {=IFERROR(INDEX(Pacientes!$A:$A, MATCH("Não Compareceu|47", Pacientes!$U:$U, 0)), "")} | H49: {=IFERROR(INDEX(Pacientes!$I:$I, MATCH("Não Compareceu|47", Pacientes!$U:$U, 0)), "")} | J49: {=IFERROR(INDEX(Pacientes!$A:$A, MATCH("Compareceu|47", Pacientes!$U:$U, 0)), "")} | K49: {=IFERROR(INDEX(Pacientes!$K:$K, MATCH("Compareceu|47", Pacientes!$U:$U, 0)), "")} | M49: {=IFERROR(INDEX(Pacientes!$A:$A, MATCH("Plano de Tratamento|47", Pacientes!$U:$U, 0)), "")} | N49: {=IFERROR(INDEX(Pacientes!$M:$M, MATCH("Plano de Tratamento|47", Pacientes!$U:$U, 0)), "")} | P49: {=IFERROR(INDEX(Pacientes!$A:$A, MATCH("Fechado|47", Pacientes!$X:$X, 0)), "")} | Q49: {=IFERROR(INDEX(Pacientes!$O:$O, MATCH("Fechado|47", Pacientes!$X:$X, 0)), "")} | S49: {=IFERROR(INDEX(Pacientes!$A:$A, MATCH("Perdido|47", Pacientes!$U:$U, 0)), "")} | T49: {=IFERROR(INDEX(Pacientes!$Q:$Q, MATCH("Perdido|47", Pacientes!$U:$U, 0)), "")} | V49: {=IFERROR(INDEX(Pacientes!$A:$A, MATCH("Pendente|47", Pacientes!$U:$U, 0)), "")} | W49: {=IFERROR(INDEX(Pacientes!$S:$S, MATCH("Pendente|47", Pacientes!$U:$U, 0)), "")} | Y49: {=IFERROR(INDEX(Pacientes!$A:$A, MATCH("Não Precisa no Momento|47", Pacientes!$U:$U, 0)), "")} | Z49: {=IFERROR(INDEX(Pacientes!$S:$S, MATCH("Não Precisa no Momento|47", Pacientes!$U:$U, 0)), "")}
A50: {=IFERROR(INDEX(Pacientes!$A:$A, MATCH("Novo Paciente|48", Pacientes!$U:$U, 0)), "")} | B50: {=IFERROR(INDEX(Pacientes!$G:$G, MATCH("Novo Paciente|48", Pacientes!$U:$U, 0)), "")} | D50: {=IFERROR(INDEX(Pacientes!$A:$A, MATCH("Consulta Marcada|48", Pacientes!$U:$U, 0)), "")} | E50: {=IFERROR(INDEX(Pacientes!$I:$I, MATCH("Consulta Marcada|48", Pacientes!$U:$U, 0)), "")} | G50: {=IFERROR(INDEX(Pacientes!$A:$A, MATCH("Não Compareceu|48", Pacientes!$U:$U, 0)), "")} | H50: {=IFERROR(INDEX(Pacientes!$I:$I, MATCH("Não Compareceu|48", Pacientes!$U:$U, 0)), "")} | J50: {=IFERROR(INDEX(Pacientes!$A:$A, MATCH("Compareceu|48", Pacientes!$U:$U, 0)), "")} | K50: {=IFERROR(INDEX(Pacientes!$K:$K, MATCH("Compareceu|48", Pacientes!$U:$U, 0)), "")} | M50: {=IFERROR(INDEX(Pacientes!$A:$A, MATCH("Plano de Tratamento|48", Pacientes!$U:$U, 0)), "")} | N50: {=IFERROR(INDEX(Pacientes!$M:$M, MATCH("Plano de Tratamento|48", Pacientes!$U:$U, 0)), "")} | P50: {=IFERROR(INDEX(Pacientes!$A:$A, MATCH("Fechado|48", Pacientes!$X:$X, 0)), "")} | Q50: {=IFERROR(INDEX(Pacientes!$O:$O, MATCH("Fechado|48", Pacientes!$X:$X, 0)), "")} | S50: {=IFERROR(INDEX(Pacientes!$A:$A, MATCH("Perdido|48", Pacientes!$U:$U, 0)), "")} | T50: {=IFERROR(INDEX(Pacientes!$Q:$Q, MATCH("Perdido|48", Pacientes!$U:$U, 0)), "")} | V50: {=IFERROR(INDEX(Pacientes!$A:$A, MATCH("Pendente|48", Pacientes!$U:$U, 0)), "")} | W50: {=IFERROR(INDEX(Pacientes!$S:$S, MATCH("Pendente|48", Pacientes!$U:$U, 0)), "")} | Y50: {=IFERROR(INDEX(Pacientes!$A:$A, MATCH("Não Precisa no Momento|48", Pacientes!$U:$U, 0)), "")} | Z50: {=IFERROR(INDEX(Pacientes!$S:$S, MATCH("Não Precisa no Momento|48", Pacientes!$U:$U, 0)), "")}
A51: {=IFERROR(INDEX(Pacientes!$A:$A, MATCH("Novo Paciente|49", Pacientes!$U:$U, 0)), "")} | B51: {=IFERROR(INDEX(Pacientes!$G:$G, MATCH("Novo Paciente|49", Pacientes!$U:$U, 0)), "")} | D51: {=IFERROR(INDEX(Pacientes!$A:$A, MATCH("Consulta Marcada|49", Pacientes!$U:$U, 0)), "")} | E51: {=IFERROR(INDEX(Pacientes!$I:$I, MATCH("Consulta Marcada|49", Pacientes!$U:$U, 0)), "")} | G51: {=IFERROR(INDEX(Pacientes!$A:$A, MATCH("Não Compareceu|49", Pacientes!$U:$U, 0)), "")} | H51: {=IFERROR(INDEX(Pacientes!$I:$I, MATCH("Não Compareceu|49", Pacientes!$U:$U, 0)), "")} | J51: {=IFERROR(INDEX(Pacientes!$A:$A, MATCH("Compareceu|49", Pacientes!$U:$U, 0)), "")} | K51: {=IFERROR(INDEX(Pacientes!$K:$K, MATCH("Compareceu|49", Pacientes!$U:$U, 0)), "")} | M51: {=IFERROR(INDEX(Pacientes!$A:$A, MATCH("Plano de Tratamento|49", Pacientes!$U:$U, 0)), "")} | N51: {=IFERROR(INDEX(Pacientes!$M:$M, MATCH("Plano de Tratamento|49", Pacientes!$U:$U, 0)), "")} | P51: {=IFERROR(INDEX(Pacientes!$A:$A, MATCH("Fechado|49", Pacientes!$X:$X, 0)), "")} | Q51: {=IFERROR(INDEX(Pacientes!$O:$O, MATCH("Fechado|49", Pacientes!$X:$X, 0)), "")} | S51: {=IFERROR(INDEX(Pacientes!$A:$A, MATCH("Perdido|49", Pacientes!$U:$U, 0)), "")} | T51: {=IFERROR(INDEX(Pacientes!$Q:$Q, MATCH("Perdido|49", Pacientes!$U:$U, 0)), "")} | V51: {=IFERROR(INDEX(Pacientes!$A:$A, MATCH("Pendente|49", Pacientes!$U:$U, 0)), "")} | W51: {=IFERROR(INDEX(Pacientes!$S:$S, MATCH("Pendente|49", Pacientes!$U:$U, 0)), "")} | Y51: {=IFERROR(INDEX(Pacientes!$A:$A, MATCH("Não Precisa no Momento|49", Pacientes!$U:$U, 0)), "")} | Z51: {=IFERROR(INDEX(Pacientes!$S:$S, MATCH("Não Precisa no Momento|49", Pacientes!$U:$U, 0)), "")}
A52: {=IFERROR(INDEX(Pacientes!$A:$A, MATCH("Novo Paciente|50", Pacientes!$U:$U, 0)), "")} | B52: {=IFERROR(INDEX(Pacientes!$G:$G, MATCH("Novo Paciente|50", Pacientes!$U:$U, 0)), "")} | D52: {=IFERROR(INDEX(Pacientes!$A:$A, MATCH("Consulta Marcada|50", Pacientes!$U:$U, 0)), "")} | E52: {=IFERROR(INDEX(Pacientes!$I:$I, MATCH("Consulta Marcada|50", Pacientes!$U:$U, 0)), "")} | G52: {=IFERROR(INDEX(Pacientes!$A:$A, MATCH("Não Compareceu|50", Pacientes!$U:$U, 0)), "")} | H52: {=IFERROR(INDEX(Pacientes!$I:$I, MATCH("Não Compareceu|50", Pacientes!$U:$U, 0)), "")} | J52: {=IFERROR(INDEX(Pacientes!$A:$A, MATCH("Compareceu|50", Pacientes!$U:$U, 0)), "")} | K52: {=IFERROR(INDEX(Pacientes!$K:$K, MATCH("Compareceu|50", Pacientes!$U:$U, 0)), "")} | M52: {=IFERROR(INDEX(Pacientes!$A:$A, MATCH("Plano de Tratamento|50", Pacientes!$U:$U, 0)), "")} | N52: {=IFERROR(INDEX(Pacientes!$M:$M, MATCH("Plano de Tratamento|50", Pacientes!$U:$U, 0)), "")} | P52: {=IFERROR(INDEX(Pacientes!$A:$A, MATCH("Fechado|50", Pacientes!$X:$X, 0)), "")} | Q52: {=IFERROR(INDEX(Pacientes!$O:$O, MATCH("Fechado|50", Pacientes!$X:$X, 0)), "")} | S52: {=IFERROR(INDEX(Pacientes!$A:$A, MATCH("Perdido|50", Pacientes!$U:$U, 0)), "")} | T52: {=IFERROR(INDEX(Pacientes!$Q:$Q, MATCH("Perdido|50", Pacientes!$U:$U, 0)), "")} | V52: {=IFERROR(INDEX(Pacientes!$A:$A, MATCH("Pendente|50", Pacientes!$U:$U, 0)), "")} | W52: {=IFERROR(INDEX(Pacientes!$S:$S, MATCH("Pendente|50", Pacientes!$U:$U, 0)), "")} | Y52: {=IFERROR(INDEX(Pacientes!$A:$A, MATCH("Não Precisa no Momento|50", Pacientes!$U:$U, 0)), "")} | Z52: {=IFERROR(INDEX(Pacientes!$S:$S, MATCH("Não Precisa no Momento|50", Pacientes!$U:$U, 0)), "")}
A53: {=IFERROR(INDEX(Pacientes!$A:$A, MATCH("Novo Paciente|51", Pacientes!$U:$U, 0)), "")} | B53: {=IFERROR(INDEX(Pacientes!$G:$G, MATCH("Novo Paciente|51", Pacientes!$U:$U, 0)), "")} | D53: {=IFERROR(INDEX(Pacientes!$A:$A, MATCH("Consulta Marcada|51", Pacientes!$U:$U, 0)), "")} | E53: {=IFERROR(INDEX(Pacientes!$I:$I, MATCH("Consulta Marcada|51", Pacientes!$U:$U, 0)), "")} | G53: {=IFERROR(INDEX(Pacientes!$A:$A, MATCH("Não Compareceu|51", Pacientes!$U:$U, 0)), "")} | H53: {=IFERROR(INDEX(Pacientes!$I:$I, MATCH("Não Compareceu|51", Pacientes!$U:$U, 0)), "")} | J53: {=IFERROR(INDEX(Pacientes!$A:$A, MATCH("Compareceu|51", Pacientes!$U:$U, 0)), "")} | K53: {=IFERROR(INDEX(Pacientes!$K:$K, MATCH("Compareceu|51", Pacientes!$U:$U, 0)), "")} | M53: {=IFERROR(INDEX(Pacientes!$A:$A, MATCH("Plano de Tratamento|51", Pacientes!$U:$U, 0)), "")} | N53: {=IFERROR(INDEX(Pacientes!$M:$M, MATCH("Plano de Tratamento|51", Pacientes!$U:$U, 0)), "")} | P53: {=IFERROR(INDEX(Pacientes!$A:$A, MATCH("Fechado|51", Pacientes!$X:$X, 0)), "")} | Q53: {=IFERROR(INDEX(Pacientes!$O:$O, MATCH("Fechado|51", Pacientes!$X:$X, 0)), "")} | S53: {=IFERROR(INDEX(Pacientes!$A:$A, MATCH("Perdido|51", Pacientes!$U:$U, 0)), "")} | T53: {=IFERROR(INDEX(Pacientes!$Q:$Q, MATCH("Perdido|51", Pacientes!$U:$U, 0)), "")} | V53: {=IFERROR(INDEX(Pacientes!$A:$A, MATCH("Pendente|51", Pacientes!$U:$U, 0)), "")} | W53: {=IFERROR(INDEX(Pacientes!$S:$S, MATCH("Pendente|51", Pacientes!$U:$U, 0)), "")} | Y53: {=IFERROR(INDEX(Pacientes!$A:$A, MATCH("Não Precisa no Momento|51", Pacientes!$U:$U, 0)), "")} | Z53: {=IFERROR(INDEX(Pacientes!$S:$S, MATCH("Não Precisa no Momento|51", Pacientes!$U:$U, 0)), "")}
A54: {=IFERROR(INDEX(Pacientes!$A:$A, MATCH("Novo Paciente|52", Pacientes!$U:$U, 0)), "")} | B54: {=IFERROR(INDEX(Pacientes!$G:$G, MATCH("Novo Paciente|52", Pacientes!$U:$U, 0)), "")} | D54: {=IFERROR(INDEX(Pacientes!$A:$A, MATCH("Consulta Marcada|52", Pacientes!$U:$U, 0)), "")} | E54: {=IFERROR(INDEX(Pacientes!$I:$I, MATCH("Consulta Marcada|52", Pacientes!$U:$U, 0)), "")} | G54: {=IFERROR(INDEX(Pacientes!$A:$A, MATCH("Não Compareceu|52", Pacientes!$U:$U, 0)), "")} | H54: {=IFERROR(INDEX(Pacientes!$I:$I, MATCH("Não Compareceu|52", Pacientes!$U:$U, 0)), "")} | J54: {=IFERROR(INDEX(Pacientes!$A:$A, MATCH("Compareceu|52", Pacientes!$U:$U, 0)), "")} | K54: {=IFERROR(INDEX(Pacientes!$K:$K, MATCH("Compareceu|52", Pacientes!$U:$U, 0)), "")} | M54: {=IFERROR(INDEX(Pacientes!$A:$A, MATCH("Plano de Tratamento|52", Pacientes!$U:$U, 0)), "")} | N54: {=IFERROR(INDEX(Pacientes!$M:$M, MATCH("Plano de Tratamento|52", Pacientes!$U:$U, 0)), "")} | P54: {=IFERROR(INDEX(Pacientes!$A:$A, MATCH("Fechado|52", Pacientes!$X:$X, 0)), "")} | Q54: {=IFERROR(INDEX(Pacientes!$O:$O, MATCH("Fechado|52", Pacientes!$X:$X, 0)), "")} | S54: {=IFERROR(INDEX(Pacientes!$A:$A, MATCH("Perdido|52", Pacientes!$U:$U, 0)), "")} | T54: {=IFERROR(INDEX(Pacientes!$Q:$Q, MATCH("Perdido|52", Pacientes!$U:$U, 0)), "")} | V54: {=IFERROR(INDEX(Pacientes!$A:$A, MATCH("Pendente|52", Pacientes!$U:$U, 0)), "")} | W54: {=IFERROR(INDEX(Pacientes!$S:$S, MATCH("Pendente|52", Pacientes!$U:$U, 0)), "")} | Y54: {=IFERROR(INDEX(Pacientes!$A:$A, MATCH("Não Precisa no Momento|52", Pacientes!$U:$U, 0)), "")} | Z54: {=IFERROR(INDEX(Pacientes!$S:$S, MATCH("Não Precisa no Momento|52", Pacientes!$U:$U, 0)), "")}
A55: {=IFERROR(INDEX(Pacientes!$A:$A, MATCH("Novo Paciente|53", Pacientes!$U:$U, 0)), "")} | B55: {=IFERROR(INDEX(Pacientes!$G:$G, MATCH("Novo Paciente|53", Pacientes!$U:$U, 0)), "")} | D55: {=IFERROR(INDEX(Pacientes!$A:$A, MATCH("Consulta Marcada|53", Pacientes!$U:$U, 0)), "")} | E55: {=IFERROR(INDEX(Pacientes!$I:$I, MATCH("Consulta Marcada|53", Pacientes!$U:$U, 0)), "")} | G55: {=IFERROR(INDEX(Pacientes!$A:$A, MATCH("Não Compareceu|53", Pacientes!$U:$U, 0)), "")} | H55: {=IFERROR(INDEX(Pacientes!$I:$I, MATCH("Não Compareceu|53", Pacientes!$U:$U, 0)), "")} | J55: {=IFERROR(INDEX(Pacientes!$A:$A, MATCH("Compareceu|53", Pacientes!$U:$U, 0)), "")} | K55: {=IFERROR(INDEX(Pacientes!$K:$K, MATCH("Compareceu|53", Pacientes!$U:$U, 0)), "")} | M55: {=IFERROR(INDEX(Pacientes!$A:$A, MATCH("Plano de Tratamento|53", Pacientes!$U:$U, 0)), "")} | N55: {=IFERROR(INDEX(Pacientes!$M:$M, MATCH("Plano de Tratamento|53", Pacientes!$U:$U, 0)), "")} | P55: {=IFERROR(INDEX(Pacientes!$A:$A, MATCH("Fechado|53", Pacientes!$X:$X, 0)), "")} | Q55: {=IFERROR(INDEX(Pacientes!$O:$O, MATCH("Fechado|53", Pacientes!$X:$X, 0)), "")} | S55: {=IFERROR(INDEX(Pacientes!$A:$A, MATCH("Perdido|53", Pacientes!$U:$U, 0)), "")} | T55: {=IFERROR(INDEX(Pacientes!$Q:$Q, MATCH("Perdido|53", Pacientes!$U:$U, 0)), "")} | V55: {=IFERROR(INDEX(Pacientes!$A:$A, MATCH("Pendente|53", Pacientes!$U:$U, 0)), "")} | W55: {=IFERROR(INDEX(Pacientes!$S:$S, MATCH("Pendente|53", Pacientes!$U:$U, 0)), "")} | Y55: {=IFERROR(INDEX(Pacientes!$A:$A, MATCH("Não Precisa no Momento|53", Pacientes!$U:$U, 0)), "")} | Z55: {=IFERROR(INDEX(Pacientes!$S:$S, MATCH("Não Precisa no Momento|53", Pacientes!$U:$U, 0)), "")}
A56: {=IFERROR(INDEX(Pacientes!$A:$A, MATCH("Novo Paciente|54", Pacientes!$U:$U, 0)), "")} | B56: {=IFERROR(INDEX(Pacientes!$G:$G, MATCH("Novo Paciente|54", Pacientes!$U:$U, 0)), "")} | D56: {=IFERROR(INDEX(Pacientes!$A:$A, MATCH("Consulta Marcada|54", Pacientes!$U:$U, 0)), "")} | E56: {=IFERROR(INDEX(Pacientes!$I:$I, MATCH("Consulta Marcada|54", Pacientes!$U:$U, 0)), "")} | G56: {=IFERROR(INDEX(Pacientes!$A:$A, MATCH("Não Compareceu|54", Pacientes!$U:$U, 0)), "")} | H56: {=IFERROR(INDEX(Pacientes!$I:$I, MATCH("Não Compareceu|54", Pacientes!$U:$U, 0)), "")} | J56: {=IFERROR(INDEX(Pacientes!$A:$A, MATCH("Compareceu|54", Pacientes!$U:$U, 0)), "")} | K56: {=IFERROR(INDEX(Pacientes!$K:$K, MATCH("Compareceu|54", Pacientes!$U:$U, 0)), "")} | M56: {=IFERROR(INDEX(Pacientes!$A:$A, MATCH("Plano de Tratamento|54", Pacientes!$U:$U, 0)), "")} | N56: {=IFERROR(INDEX(Pacientes!$M:$M, MATCH("Plano de Tratamento|54", Pacientes!$U:$U, 0)), "")} | P56: {=IFERROR(INDEX(Pacientes!$A:$A, MATCH("Fechado|54", Pacientes!$X:$X, 0)), "")} | Q56: {=IFERROR(INDEX(Pacientes!$O:$O, MATCH("Fechado|54", Pacientes!$X:$X, 0)), "")} | S56: {=IFERROR(INDEX(Pacientes!$A:$A, MATCH("Perdido|54", Pacientes!$U:$U, 0)), "")} | T56: {=IFERROR(INDEX(Pacientes!$Q:$Q, MATCH("Perdido|54", Pacientes!$U:$U, 0)), "")} | V56: {=IFERROR(INDEX(Pacientes!$A:$A, MATCH("Pendente|54", Pacientes!$U:$U, 0)), "")} | W56: {=IFERROR(INDEX(Pacientes!$S:$S, MATCH("Pendente|54", Pacientes!$U:$U, 0)), "")} | Y56: {=IFERROR(INDEX(Pacientes!$A:$A, MATCH("Não Precisa no Momento|54", Pacientes!$U:$U, 0)), "")} | Z56: {=IFERROR(INDEX(Pacientes!$S:$S, MATCH("Não Precisa no Momento|54", Pacientes!$U:$U, 0)), "")}
A57: {=IFERROR(INDEX(Pacientes!$A:$A, MATCH("Novo Paciente|55", Pacientes!$U:$U, 0)), "")} | B57: {=IFERROR(INDEX(Pacientes!$G:$G, MATCH("Novo Paciente|55", Pacientes!$U:$U, 0)), "")} | D57: {=IFERROR(INDEX(Pacientes!$A:$A, MATCH("Consulta Marcada|55", Pacientes!$U:$U, 0)), "")} | E57: {=IFERROR(INDEX(Pacientes!$I:$I, MATCH("Consulta Marcada|55", Pacientes!$U:$U, 0)), "")} | G57: {=IFERROR(INDEX(Pacientes!$A:$A, MATCH("Não Compareceu|55", Pacientes!$U:$U, 0)), "")} | H57: {=IFERROR(INDEX(Pacientes!$I:$I, MATCH("Não Compareceu|55", Pacientes!$U:$U, 0)), "")} | J57: {=IFERROR(INDEX(Pacientes!$A:$A, MATCH("Compareceu|55", Pacientes!$U:$U, 0)), "")} | K57: {=IFERROR(INDEX(Pacientes!$K:$K, MATCH("Compareceu|55", Pacientes!$U:$U, 0)), "")} | M57: {=IFERROR(INDEX(Pacientes!$A:$A, MATCH("Plano de Tratamento|55", Pacientes!$U:$U, 0)), "")} | N57: {=IFERROR(INDEX(Pacientes!$M:$M, MATCH("Plano de Tratamento|55", Pacientes!$U:$U, 0)), "")} | P57: {=IFERROR(INDEX(Pacientes!$A:$A, MATCH("Fechado|55", Pacientes!$X:$X, 0)), "")} | Q57: {=IFERROR(INDEX(Pacientes!$O:$O, MATCH("Fechado|55", Pacientes!$X:$X, 0)), "")} | S57: {=IFERROR(INDEX(Pacientes!$A:$A, MATCH("Perdido|55", Pacientes!$U:$U, 0)), "")} | T57: {=IFERROR(INDEX(Pacientes!$Q:$Q, MATCH("Perdido|55", Pacientes!$U:$U, 0)), "")} | V57: {=IFERROR(INDEX(Pacientes!$A:$A, MATCH("Pendente|55", Pacientes!$U:$U, 0)), "")} | W57: {=IFERROR(INDEX(Pacientes!$S:$S, MATCH("Pendente|55", Pacientes!$U:$U, 0)), "")} | Y57: {=IFERROR(INDEX(Pacientes!$A:$A, MATCH("Não Precisa no Momento|55", Pacientes!$U:$U, 0)), "")} | Z57: {=IFERROR(INDEX(Pacientes!$S:$S, MATCH("Não Precisa no Momento|55", Pacientes!$U:$U, 0)), "")}
A58: {=IFERROR(INDEX(Pacientes!$A:$A, MATCH("Novo Paciente|56", Pacientes!$U:$U, 0)), "")} | B58: {=IFERROR(INDEX(Pacientes!$G:$G, MATCH("Novo Paciente|56", Pacientes!$U:$U, 0)), "")} | D58: {=IFERROR(INDEX(Pacientes!$A:$A, MATCH("Consulta Marcada|56", Pacientes!$U:$U, 0)), "")} | E58: {=IFERROR(INDEX(Pacientes!$I:$I, MATCH("Consulta Marcada|56", Pacientes!$U:$U, 0)), "")} | G58: {=IFERROR(INDEX(Pacientes!$A:$A, MATCH("Não Compareceu|56", Pacientes!$U:$U, 0)), "")} | H58: {=IFERROR(INDEX(Pacientes!$I:$I, MATCH("Não Compareceu|56", Pacientes!$U:$U, 0)), "")} | J58: {=IFERROR(INDEX(Pacientes!$A:$A, MATCH("Compareceu|56", Pacientes!$U:$U, 0)), "")} | K58: {=IFERROR(INDEX(Pacientes!$K:$K, MATCH("Compareceu|56", Pacientes!$U:$U, 0)), "")} | M58: {=IFERROR(INDEX(Pacientes!$A:$A, MATCH("Plano de Tratamento|56", Pacientes!$U:$U, 0)), "")} | N58: {=IFERROR(INDEX(Pacientes!$M:$M, MATCH("Plano de Tratamento|56", Pacientes!$U:$U, 0)), "")} | P58: {=IFERROR(INDEX(Pacientes!$A:$A, MATCH("Fechado|56", Pacientes!$X:$X, 0)), "")} | Q58: {=IFERROR(INDEX(Pacientes!$O:$O, MATCH("Fechado|56", Pacientes!$X:$X, 0)), "")} | S58: {=IFERROR(INDEX(Pacientes!$A:$A, MATCH("Perdido|56", Pacientes!$U:$U, 0)), "")} | T58: {=IFERROR(INDEX(Pacientes!$Q:$Q, MATCH("Perdido|56", Pacientes!$U:$U, 0)), "")} | V58: {=IFERROR(INDEX(Pacientes!$A:$A, MATCH("Pendente|56", Pacientes!$U:$U, 0)), "")} | W58: {=IFERROR(INDEX(Pacientes!$S:$S, MATCH("Pendente|56", Pacientes!$U:$U, 0)), "")} | Y58: {=IFERROR(INDEX(Pacientes!$A:$A, MATCH("Não Precisa no Momento|56", Pacientes!$U:$U, 0)), "")} | Z58: {=IFERROR(INDEX(Pacientes!$S:$S, MATCH("Não Precisa no Momento|56", Pacientes!$U:$U, 0)), "")}
A59: {=IFERROR(INDEX(Pacientes!$A:$A, MATCH("Novo Paciente|57", Pacientes!$U:$U, 0)), "")} | B59: {=IFERROR(INDEX(Pacientes!$G:$G, MATCH("Novo Paciente|57", Pacientes!$U:$U, 0)), "")} | D59: {=IFERROR(INDEX(Pacientes!$A:$A, MATCH("Consulta Marcada|57", Pacientes!$U:$U, 0)), "")} | E59: {=IFERROR(INDEX(Pacientes!$I:$I, MATCH("Consulta Marcada|57", Pacientes!$U:$U, 0)), "")} | G59: {=IFERROR(INDEX(Pacientes!$A:$A, MATCH("Não Compareceu|57", Pacientes!$U:$U, 0)), "")} | H59: {=IFERROR(INDEX(Pacientes!$I:$I, MATCH("Não Compareceu|57", Pacientes!$U:$U, 0)), "")} | J59: {=IFERROR(INDEX(Pacientes!$A:$A, MATCH("Compareceu|57", Pacientes!$U:$U, 0)), "")} | K59: {=IFERROR(INDEX(Pacientes!$K:$K, MATCH("Compareceu|57", Pacientes!$U:$U, 0)), "")} | M59: {=IFERROR(INDEX(Pacientes!$A:$A, MATCH("Plano de Tratamento|57", Pacientes!$U:$U, 0)), "")} | N59: {=IFERROR(INDEX(Pacientes!$M:$M, MATCH("Plano de Tratamento|57", Pacientes!$U:$U, 0)), "")} | P59: {=IFERROR(INDEX(Pacientes!$A:$A, MATCH("Fechado|57", Pacientes!$X:$X, 0)), "")} | Q59: {=IFERROR(INDEX(Pacientes!$O:$O, MATCH("Fechado|57", Pacientes!$X:$X, 0)), "")} | S59: {=IFERROR(INDEX(Pacientes!$A:$A, MATCH("Perdido|57", Pacientes!$U:$U, 0)), "")} | T59: {=IFERROR(INDEX(Pacientes!$Q:$Q, MATCH("Perdido|57", Pacientes!$U:$U, 0)), "")} | V59: {=IFERROR(INDEX(Pacientes!$A:$A, MATCH("Pendente|57", Pacientes!$U:$U, 0)), "")} | W59: {=IFERROR(INDEX(Pacientes!$S:$S, MATCH("Pendente|57", Pacientes!$U:$U, 0)), "")} | Y59: {=IFERROR(INDEX(Pacientes!$A:$A, MATCH("Não Precisa no Momento|57", Pacientes!$U:$U, 0)), "")} | Z59: {=IFERROR(INDEX(Pacientes!$S:$S, MATCH("Não Precisa no Momento|57", Pacientes!$U:$U, 0)), "")}
A60: {=IFERROR(INDEX(Pacientes!$A:$A, MATCH("Novo Paciente|58", Pacientes!$U:$U, 0)), "")} | B60: {=IFERROR(INDEX(Pacientes!$G:$G, MATCH("Novo Paciente|58", Pacientes!$U:$U, 0)), "")} | D60: {=IFERROR(INDEX(Pacientes!$A:$A, MATCH("Consulta Marcada|58", Pacientes!$U:$U, 0)), "")} | E60: {=IFERROR(INDEX(Pacientes!$I:$I, MATCH("Consulta Marcada|58", Pacientes!$U:$U, 0)), "")} | G60: {=IFERROR(INDEX(Pacientes!$A:$A, MATCH("Não Compareceu|58", Pacientes!$U:$U, 0)), "")} | H60: {=IFERROR(INDEX(Pacientes!$I:$I, MATCH("Não Compareceu|58", Pacientes!$U:$U, 0)), "")} | J60: {=IFERROR(INDEX(Pacientes!$A:$A, MATCH("Compareceu|58", Pacientes!$U:$U, 0)), "")} | K60: {=IFERROR(INDEX(Pacientes!$K:$K, MATCH("Compareceu|58", Pacientes!$U:$U, 0)), "")} | M60: {=IFERROR(INDEX(Pacientes!$A:$A, MATCH("Plano de Tratamento|58", Pacientes!$U:$U, 0)), "")} | N60: {=IFERROR(INDEX(Pacientes!$M:$M, MATCH("Plano de Tratamento|58", Pacientes!$U:$U, 0)), "")} | P60: {=IFERROR(INDEX(Pacientes!$A:$A, MATCH("Fechado|58", Pacientes!$X:$X, 0)), "")} | Q60: {=IFERROR(INDEX(Pacientes!$O:$O, MATCH("Fechado|58", Pacientes!$X:$X, 0)), "")} | S60: {=IFERROR(INDEX(Pacientes!$A:$A, MATCH("Perdido|58", Pacientes!$U:$U, 0)), "")} | T60: {=IFERROR(INDEX(Pacientes!$Q:$Q, MATCH("Perdido|58", Pacientes!$U:$U, 0)), "")} | V60: {=IFERROR(INDEX(Pacientes!$A:$A, MATCH("Pendente|58", Pacientes!$U:$U, 0)), "")} | W60: {=IFERROR(INDEX(Pacientes!$S:$S, MATCH("Pendente|58", Pacientes!$U:$U, 0)), "")} | Y60: {=IFERROR(INDEX(Pacientes!$A:$A, MATCH("Não Precisa no Momento|58", Pacientes!$U:$U, 0)), "")} | Z60: {=IFERROR(INDEX(Pacientes!$S:$S, MATCH("Não Precisa no Momento|58", Pacientes!$U:$U, 0)), "")}
A61: {=IFERROR(INDEX(Pacientes!$A:$A, MATCH("Novo Paciente|59", Pacientes!$U:$U, 0)), "")} | B61: {=IFERROR(INDEX(Pacientes!$G:$G, MATCH("Novo Paciente|59", Pacientes!$U:$U, 0)), "")} | D61: {=IFERROR(INDEX(Pacientes!$A:$A, MATCH("Consulta Marcada|59", Pacientes!$U:$U, 0)), "")} | E61: {=IFERROR(INDEX(Pacientes!$I:$I, MATCH("Consulta Marcada|59", Pacientes!$U:$U, 0)), "")} | G61: {=IFERROR(INDEX(Pacientes!$A:$A, MATCH("Não Compareceu|59", Pacientes!$U:$U, 0)), "")} | H61: {=IFERROR(INDEX(Pacientes!$I:$I, MATCH("Não Compareceu|59", Pacientes!$U:$U, 0)), "")} | J61: {=IFERROR(INDEX(Pacientes!$A:$A, MATCH("Compareceu|59", Pacientes!$U:$U, 0)), "")} | K61: {=IFERROR(INDEX(Pacientes!$K:$K, MATCH("Compareceu|59", Pacientes!$U:$U, 0)), "")} | M61: {=IFERROR(INDEX(Pacientes!$A:$A, MATCH("Plano de Tratamento|59", Pacientes!$U:$U, 0)), "")} | N61: {=IFERROR(INDEX(Pacientes!$M:$M, MATCH("Plano de Tratamento|59", Pacientes!$U:$U, 0)), "")} | P61: {=IFERROR(INDEX(Pacientes!$A:$A, MATCH("Fechado|59", Pacientes!$X:$X, 0)), "")} | Q61: {=IFERROR(INDEX(Pacientes!$O:$O, MATCH("Fechado|59", Pacientes!$X:$X, 0)), "")} | S61: {=IFERROR(INDEX(Pacientes!$A:$A, MATCH("Perdido|59", Pacientes!$U:$U, 0)), "")} | T61: {=IFERROR(INDEX(Pacientes!$Q:$Q, MATCH("Perdido|59", Pacientes!$U:$U, 0)), "")} | V61: {=IFERROR(INDEX(Pacientes!$A:$A, MATCH("Pendente|59", Pacientes!$U:$U, 0)), "")} | W61: {=IFERROR(INDEX(Pacientes!$S:$S, MATCH("Pendente|59", Pacientes!$U:$U, 0)), "")} | Y61: {=IFERROR(INDEX(Pacientes!$A:$A, MATCH("Não Precisa no Momento|59", Pacientes!$U:$U, 0)), "")} | Z61: {=IFERROR(INDEX(Pacientes!$S:$S, MATCH("Não Precisa no Momento|59", Pacientes!$U:$U, 0)), "")}
A62: {=IFERROR(INDEX(Pacientes!$A:$A, MATCH("Novo Paciente|60", Pacientes!$U:$U, 0)), "")} | B62: {=IFERROR(INDEX(Pacientes!$G:$G, MATCH("Novo Paciente|60", Pacientes!$U:$U, 0)), "")} | D62: {=IFERROR(INDEX(Pacientes!$A:$A, MATCH("Consulta Marcada|60", Pacientes!$U:$U, 0)), "")} | E62: {=IFERROR(INDEX(Pacientes!$I:$I, MATCH("Consulta Marcada|60", Pacientes!$U:$U, 0)), "")} | G62: {=IFERROR(INDEX(Pacientes!$A:$A, MATCH("Não Compareceu|60", Pacientes!$U:$U, 0)), "")} | H62: {=IFERROR(INDEX(Pacientes!$I:$I, MATCH("Não Compareceu|60", Pacientes!$U:$U, 0)), "")} | J62: {=IFERROR(INDEX(Pacientes!$A:$A, MATCH("Compareceu|60", Pacientes!$U:$U, 0)), "")} | K62: {=IFERROR(INDEX(Pacientes!$K:$K, MATCH("Compareceu|60", Pacientes!$U:$U, 0)), "")} | M62: {=IFERROR(INDEX(Pacientes!$A:$A, MATCH("Plano de Tratamento|60", Pacientes!$U:$U, 0)), "")} | N62: {=IFERROR(INDEX(Pacientes!$M:$M, MATCH("Plano de Tratamento|60", Pacientes!$U:$U, 0)), "")} | P62: {=IFERROR(INDEX(Pacientes!$A:$A, MATCH("Fechado|60", Pacientes!$X:$X, 0)), "")} | Q62: {=IFERROR(INDEX(Pacientes!$O:$O, MATCH("Fechado|60", Pacientes!$X:$X, 0)), "")} | S62: {=IFERROR(INDEX(Pacientes!$A:$A, MATCH("Perdido|60", Pacientes!$U:$U, 0)), "")} | T62: {=IFERROR(INDEX(Pacientes!$Q:$Q, MATCH("Perdido|60", Pacientes!$U:$U, 0)), "")} | V62: {=IFERROR(INDEX(Pacientes!$A:$A, MATCH("Pendente|60", Pacientes!$U:$U, 0)), "")} | W62: {=IFERROR(INDEX(Pacientes!$S:$S, MATCH("Pendente|60", Pacientes!$U:$U, 0)), "")} | Y62: {=IFERROR(INDEX(Pacientes!$A:$A, MATCH("Não Precisa no Momento|60", Pacientes!$U:$U, 0)), "")} | Z62: {=IFERROR(INDEX(Pacientes!$S:$S, MATCH("Não Precisa no Momento|60", Pacientes!$U:$U, 0)), "")}

Sheet Indicação
A1: Nome do Paciente | B1: Quem Indicou?
A2: {=IFERROR(INDEX(Pacientes!$A:$A, MATCH("Indicacao|1", Pacientes!$Z:$Z, 0)), "")} -> Andrea Reis Ferreira de Melo | B2: Dr Marcelo
A3: {=IFERROR(INDEX(Pacientes!$A:$A, MATCH("Indicacao|2", Pacientes!$Z:$Z, 0)), "")} -> Hiltonn Muniz Cordeiro | B3: Dr Marcelo
A4: {=IFERROR(INDEX(Pacientes!$A:$A, MATCH("Indicacao|3", Pacientes!$Z:$Z, 0)), "")} -> Estevão Nobre Carrato | B4: Dr Marcelo
A5: {=IFERROR(INDEX(Pacientes!$A:$A, MATCH("Indicacao|4", Pacientes!$Z:$Z, 0)), "")} -> Guilherme Moraes | B5: Dr Marcelo
A6: {=IFERROR(INDEX(Pacientes!$A:$A, MATCH("Indicacao|5", Pacientes!$Z:$Z, 0)), "")} -> Bernardo Vieira Bersan El Bizri | B6: Camila mãe Marina e Maria Clara
A7: {=IFERROR(INDEX(Pacientes!$A:$A, MATCH("Indicacao|6", Pacientes!$Z:$Z, 0)), "")} -> Esther Andrade dos Santos | B7: Dra Cinthya
A8: {=IFERROR(INDEX(Pacientes!$A:$A, MATCH("Indicacao|7", Pacientes!$Z:$Z, 0)), "")} -> Miguel Gonzalez Bidoia | B8: Dr Thiago Martelli
A9: {=IFERROR(INDEX(Pacientes!$A:$A, MATCH("Indicacao|8", Pacientes!$Z:$Z, 0)), "")} -> Felipe Ribeiro Tostes de Menezes | B9: Gustavo paciente (mora no méxico)
A10: {=IFERROR(INDEX(Pacientes!$A:$A, MATCH("Indicacao|9", Pacientes!$Z:$Z, 0)), "")} -> Gabriela Ribeiro Tostes de Menezes | B10: Gustavo paciente (mora no méxico)
A11: {=IFERROR(INDEX(Pacientes!$A:$A, MATCH("Indicacao|10", Pacientes!$Z:$Z, 0)), "")} -> Ana Cláudia Ribeiro Marzinetti Dias | B11: Dr Mauricio Gelais
A12: {=IFERROR(INDEX(Pacientes!$A:$A, MATCH("Indicacao|11", Pacientes!$Z:$Z, 0)), "")} -> Laura Gomes Souto Morato | B12: Mateus (pai que foi paciente)
A13: {=IFERROR(INDEX(Pacientes!$A:$A, MATCH("Indicacao|12", Pacientes!$Z:$Z, 0)), "")} -> João Gabriel Pinto Coelho Barbosa | B13: Celeste (foi paciente)
A14: {=IFERROR(INDEX(Pacientes!$A:$A, MATCH("Indicacao|13", Pacientes!$Z:$Z, 0)), "")} -> Miguel Oliveira Souza | B14: Luciane (mãe é paciente)
A15: {=IFERROR(INDEX(Pacientes!$A:$A, MATCH("Indicacao|14", Pacientes!$Z:$Z, 0)), "")} -> Felipe da Cunha Pereira Rocha Lacerda | B15: Juliano (pai foi paciente)
A16: {=IFERROR(INDEX(Pacientes!$A:$A, MATCH("Indicacao|15", Pacientes!$Z:$Z, 0)), "")} -> Gabriel da Rocha Bastos | B16: Dra Carmem
A17: {=IFERROR(INDEX(Pacientes!$A:$A, MATCH("Indicacao|16", Pacientes!$Z:$Z, 0)), "")} -> Fernando Ferreira Medeiros | B17: Dr Rodrigo (colega)
A18: {=IFERROR(INDEX(Pacientes!$A:$A, MATCH("Indicacao|17", Pacientes!$Z:$Z, 0)), "")} -> Lavinia Ferreira de La Fuente | B18: Família
A19: {=IFERROR(INDEX(Pacientes!$A:$A, MATCH("Indicacao|18", Pacientes!$Z:$Z, 0)), "")} -> Vitor Mesquita Carlos Gomes | B19: Família toda é paciente
A20: {=IFERROR(INDEX(Pacientes!$A:$A, MATCH("Indicacao|19", Pacientes!$Z:$Z, 0)), "")} -> Monica Maria Alves Pereira | B20: Dr Marcelo
A21: {=IFERROR(INDEX(Pacientes!$A:$A, MATCH("Indicacao|20", Pacientes!$Z:$Z, 0)), "")} -> Christiane Alves Esteves Diniz Guerra | B21: Dra Samia
A22: {=IFERROR(INDEX(Pacientes!$A:$A, MATCH("Indicacao|21", Pacientes!$Z:$Z, 0)), "")} -> Kezia Cristina Teodoro dos Santos | B22: Dra Luciana Rajão
A23: {=IFERROR(INDEX(Pacientes!$A:$A, MATCH("Indicacao|22", Pacientes!$Z:$Z, 0)), "")} -> Izabela Maia Resende | B23: Duda/Fabiano Maia
A24: {=IFERROR(INDEX(Pacientes!$A:$A, MATCH("Indicacao|23", Pacientes!$Z:$Z, 0)), "")} -> Eduardo Lamaita Figueiredo | B24: Flávio Cross fit
A25: {=IFERROR(INDEX(Pacientes!$A:$A, MATCH("Indicacao|24", Pacientes!$Z:$Z, 0)), "")} -> Flavia Mendonça Pinheiro de Melo | B25: Paula (paciente antiga)
A26: {=IFERROR(INDEX(Pacientes!$A:$A, MATCH("Indicacao|25", Pacientes!$Z:$Z, 0)), "")} -> Gabriela Mendonça Pinheiro de Melo | B26: Bruna Guimarães (mãe do Bê paciente)
A27: {=IFERROR(INDEX(Pacientes!$A:$A, MATCH("Indicacao|26", Pacientes!$Z:$Z, 0)), "")} -> Helena Barcelos Avelar
A28: {=IFERROR(INDEX(Pacientes!$A:$A, MATCH("Indicacao|27", Pacientes!$Z:$Z, 0)), "")} -> Joaquim Manduca Campos
A29: {=IFERROR(INDEX(Pacientes!$A:$A, MATCH("Indicacao|28", Pacientes!$Z:$Z, 0)), "")} -> Maried Guimarães Manduca Campos
A30: {=IFERROR(INDEX(Pacientes!$A:$A, MATCH("Indicacao|29", Pacientes!$Z:$Z, 0)), "")} -> Jamiria Aparecida Vieira Reis
A31: {=IFERROR(INDEX(Pacientes!$A:$A, MATCH("Indicacao|30", Pacientes!$Z:$Z, 0)), "")} -> Davi Norte Menezes
A32: {=IFERROR(INDEX(Pacientes!$A:$A, MATCH("Indicacao|31", Pacientes!$Z:$Z, 0)), "")} -> Manoela Almeida Moore
A33: {=IFERROR(INDEX(Pacientes!$A:$A, MATCH("Indicacao|32", Pacientes!$Z:$Z, 0)), "")} -> Aline Fernanda de Lima Costa
A34: {=IFERROR(INDEX(Pacientes!$A:$A, MATCH("Indicacao|33", Pacientes!$Z:$Z, 0)), "")} -> Paulo Maulais
A35: {=IFERROR(INDEX(Pacientes!$A:$A, MATCH("Indicacao|34", Pacientes!$Z:$Z, 0)), "")} -> Andrea Cristina Guerra da Silva
A36: {=IFERROR(INDEX(Pacientes!$A:$A, MATCH("Indicacao|35", Pacientes!$Z:$Z, 0)), "")} -> Andre Sovoi Torres
A37: {=IFERROR(INDEX(Pacientes!$A:$A, MATCH("Indicacao|36", Pacientes!$Z:$Z, 0)), "")} -> Raquel Rabelo (filhas)
A38: {=IFERROR(INDEX(Pacientes!$A:$A, MATCH("Indicacao|37", Pacientes!$Z:$Z, 0)), "")} -> Caio Norte Menezes
A39: {=IFERROR(INDEX(Pacientes!$A:$A, MATCH("Indicacao|38", Pacientes!$Z:$Z, 0)), "")}
A40: {=IFERROR(INDEX(Pacientes!$A:$A, MATCH("Indicacao|39", Pacientes!$Z:$Z, 0)), "")}
A41: {=IFERROR(INDEX(Pacientes!$A:$A, MATCH("Indicacao|40", Pacientes!$Z:$Z, 0)), "")}
A42: {=IFERROR(INDEX(Pacientes!$A:$A, MATCH("Indicacao|41", Pacientes!$Z:$Z, 0)), "")}
A43: {=IFERROR(INDEX(Pacientes!$A:$A, MATCH("Indicacao|42", Pacientes!$Z:$Z, 0)), "")}
A44: {=IFERROR(INDEX(Pacientes!$A:$A, MATCH("Indicacao|43", Pacientes!$Z:$Z, 0)), "")}
A45: {=IFERROR(INDEX(Pacientes!$A:$A, MATCH("Indicacao|44", Pacientes!$Z:$Z, 0)), "")}
A46: {=IFERROR(INDEX(Pacientes!$A:$A, MATCH("Indicacao|45", Pacientes!$Z:$Z, 0)), "")}
A47: {=IFERROR(INDEX(Pacientes!$A:$A, MATCH("Indicacao|46", Pacientes!$Z:$Z, 0)), "")}
A48: {=IFERROR(INDEX(Pacientes!$A:$A, MATCH("Indicacao|47", Pacientes!$Z:$Z, 0)), "")}
A49: {=IFERROR(INDEX(Pacientes!$A:$A, MATCH("Indicacao|48", Pacientes!$Z:$Z, 0)), "")}
A50: {=IFERROR(INDEX(Pacientes!$A:$A, MATCH("Indicacao|49", Pacientes!$Z:$Z, 0)), "")}
A51: {=IFERROR(INDEX(Pacientes!$A:$A, MATCH("Indicacao|50", Pacientes!$Z:$Z, 0)), "")}
A52: {=IFERROR(INDEX(Pacientes!$A:$A, MATCH("Indicacao|51", Pacientes!$Z:$Z, 0)), "")}
A53: {=IFERROR(INDEX(Pacientes!$A:$A, MATCH("Indicacao|52", Pacientes!$Z:$Z, 0)), "")}
A54: {=IFERROR(INDEX(Pacientes!$A:$A, MATCH("Indicacao|53", Pacientes!$Z:$Z, 0)), "")}
A55: {=IFERROR(INDEX(Pacientes!$A:$A, MATCH("Indicacao|54", Pacientes!$Z:$Z, 0)), "")}
A56: {=IFERROR(INDEX(Pacientes!$A:$A, MATCH("Indicacao|55", Pacientes!$Z:$Z, 0)), "")}
A57: {=IFERROR(INDEX(Pacientes!$A:$A, MATCH("Indicacao|56", Pacientes!$Z:$Z, 0)), "")}
A58: {=IFERROR(INDEX(Pacientes!$A:$A, MATCH("Indicacao|57", Pacientes!$Z:$Z, 0)), "")}
A59: {=IFERROR(INDEX(Pacientes!$A:$A, MATCH("Indicacao|58", Pacientes!$Z:$Z, 0)), "")}
A60: {=IFERROR(INDEX(Pacientes!$A:$A, MATCH("Indicacao|59", Pacientes!$Z:$Z, 0)), "")}
A61: {=IFERROR(INDEX(Pacientes!$A:$A, MATCH("Indicacao|60", Pacientes!$Z:$Z, 0)), "")}
A62: {=IFERROR(INDEX(Pacientes!$A:$A, MATCH("Indicacao|61", Pacientes!$Z:$Z, 0)), "")}
A63: {=IFERROR(INDEX(Pacientes!$A:$A, MATCH("Indicacao|62", Pacientes!$Z:$Z, 0)), "")}
A64: {=IFERROR(INDEX(Pacientes!$A:$A, MATCH("Indicacao|63", Pacientes!$Z:$Z, 0)), "")}
A65: {=IFERROR(INDEX(Pacientes!$A:$A, MATCH("Indicacao|64", Pacientes!$Z:$Z, 0)), "")}
A66: {=IFERROR(INDEX(Pacientes!$A:$A, MATCH("Indicacao|65", Pacientes!$Z:$Z, 0)), "")}
A67: {=IFERROR(INDEX(Pacientes!$A:$A, MATCH("Indicacao|66", Pacientes!$Z:$Z, 0)), "")}
A68: {=IFERROR(INDEX(Pacientes!$A:$A, MATCH("Indicacao|67", Pacientes!$Z:$Z, 0)), "")}
A69: {=IFERROR(INDEX(Pacientes!$A:$A, MATCH("Indicacao|68", Pacientes!$Z:$Z, 0)), "")}
A70: {=IFERROR(INDEX(Pacientes!$A:$A, MATCH("Indicacao|69", Pacientes!$Z:$Z, 0)), "")}
A71: {=IFERROR(INDEX(Pacientes!$A:$A, MATCH("Indicacao|70", Pacientes!$Z:$Z, 0)), "")}
A72: {=IFERROR(INDEX(Pacientes!$A:$A, MATCH("Indicacao|71", Pacientes!$Z:$Z, 0)), "")}
A73: {=IFERROR(INDEX(Pacientes!$A:$A, MATCH("Indicacao|72", Pacientes!$Z:$Z, 0)), "")}
A74: {=IFERROR(INDEX(Pacientes!$A:$A, MATCH("Indicacao|73", Pacientes!$Z:$Z, 0)), "")}
A75: {=IFERROR(INDEX(Pacientes!$A:$A, MATCH("Indicacao|74", Pacientes!$Z:$Z, 0)), "")}
A76: {=IFERROR(INDEX(Pacientes!$A:$A, MATCH("Indicacao|75", Pacientes!$Z:$Z, 0)), "")}
A77: {=IFERROR(INDEX(Pacientes!$A:$A, MATCH("Indicacao|76", Pacientes!$Z:$Z, 0)), "")}
A78: {=IFERROR(INDEX(Pacientes!$A:$A, MATCH("Indicacao|77", Pacientes!$Z:$Z, 0)), "")}
A79: {=IFERROR(INDEX(Pacientes!$A:$A, MATCH("Indicacao|78", Pacientes!$Z:$Z, 0)), "")}
A80: {=IFERROR(INDEX(Pacientes!$A:$A, MATCH("Indicacao|79", Pacientes!$Z:$Z, 0)), "")}
A81: {=IFERROR(INDEX(Pacientes!$A:$A, MATCH("Indicacao|80", Pacientes!$Z:$Z, 0)), "")}
A82: {=IFERROR(INDEX(Pacientes!$A:$A, MATCH("Indicacao|81", Pacientes!$Z:$Z, 0)), "")}
A83: {=IFERROR(INDEX(Pacientes!$A:$A, MATCH("Indicacao|82", Pacientes!$Z:$Z, 0)), "")}
A84: {=IFERROR(INDEX(Pacientes!$A:$A, MATCH("Indicacao|83", Pacientes!$Z:$Z, 0)), "")}
A85: {=IFERROR(INDEX(Pacientes!$A:$A, MATCH("Indicacao|84", Pacientes!$Z:$Z, 0)), "")}
A86: {=IFERROR(INDEX(Pacientes!$A:$A, MATCH("Indicacao|85", Pacientes!$Z:$Z, 0)), "")}
A87: {=IFERROR(INDEX(Pacientes!$A:$A, MATCH("Indicacao|86", Pacientes!$Z:$Z, 0)), "")}
A88: {=IFERROR(INDEX(Pacientes!$A:$A, MATCH("Indicacao|87", Pacientes!$Z:$Z, 0)), "")}
A89: {=IFERROR(INDEX(Pacientes!$A:$A, MATCH("Indicacao|88", Pacientes!$Z:$Z, 0)), "")}
A90: {=IFERROR(INDEX(Pacientes!$A:$A, MATCH("Indicacao|89", Pacientes!$Z:$Z, 0)), "")}
A91: {=IFERROR(INDEX(Pacientes!$A:$A, MATCH("Indicacao|90", Pacientes!$Z:$Z, 0)), "")}
A92: {=IFERROR(INDEX(Pacientes!$A:$A, MATCH("Indicacao|91", Pacientes!$Z:$Z, 0)), "")}
A93: {=IFERROR(INDEX(Pacientes!$A:$A, MATCH("Indicacao|92", Pacientes!$Z:$Z, 0)), "")}
A94: {=IFERROR(INDEX(Pacientes!$A:$A, MATCH("Indicacao|93", Pacientes!$Z:$Z, 0)), "")}
A95: {=IFERROR(INDEX(Pacientes!$A:$A, MATCH("Indicacao|94", Pacientes!$Z:$Z, 0)), "")}
A96: {=IFERROR(INDEX(Pacientes!$A:$A, MATCH("Indicacao|95", Pacientes!$Z:$Z, 0)), "")}
A97: {=IFERROR(INDEX(Pacientes!$A:$A, MATCH("Indicacao|96", Pacientes!$Z:$Z, 0)), "")}
A98: {=IFERROR(INDEX(Pacientes!$A:$A, MATCH("Indicacao|97", Pacientes!$Z:$Z, 0)), "")}
A99: {=IFERROR(INDEX(Pacientes!$A:$A, MATCH("Indicacao|98", Pacientes!$Z:$Z, 0)), "")}
A100: {=IFERROR(INDEX(Pacientes!$A:$A, MATCH("Indicacao|99", Pacientes!$Z:$Z, 0)), "")}
...

Sheet Dashboard
C2: Dashboard — Mori Ortodontia
C3: Indicadores calculados automaticamente a partir da aba 'Pacientes'. Não edite valores aqui.
C5: Resumo do mês atual
B6: Novos Pacientes no Mês | D6: Fechados (Ganhos) no Mês | F6: Taxa de Conversão do Mês | H6: Valor Total Fechado no Mês | J6: Ticket Médio do Mês
B7: =COUNTIF(Pacientes!$V:$V, TEXT(TODAY(),"mm/yyyy")) -> 0 | D7: =COUNTIFS(Pacientes!$W:$W, TEXT(TODAY(),"mm/yyyy"), Pacientes!$N:$N, "Sim")+COUNTIFS(Pacientes!$W:$W, TEXT(TODAY(),"mm/yyyy"), Pacientes!$N:$N, "Parcial") -> 0 | F7: =IFERROR(D7/B7,0) -> 0 | H7: =SUMIFS(Pacientes!$O:$O, Pacientes!$W:$W, TEXT(TODAY(),"mm/yyyy")) -> 0 | J7: =IFERROR(H7/D7,0) -> 0
C11: Evolução mês a mês
B12: O mês inicial da tabela está fixo em Março/2026 (célula B15). Os demais meses seguem automaticamente a partir dele. Se quiser mudar o início, edite só a data em B15.
B14: Mês | C14: Novos Pacientes | D14: Fechados (Ganhos) | E14: Taxa de Conversão | F14: Valor Total Fechado (R$) | G14: Ticket Médio (R$)
B15: 46082 | C15: =COUNTIF(Pacientes!$V:$V, TEXT(B15,"mm/yyyy")) -> 0 | D15: =COUNTIFS(Pacientes!$W:$W, TEXT(B15,"mm/yyyy"), Pacientes!$N:$N, "Sim")+COUNTIFS(Pacientes!$W:$W, TEXT(B15,"mm/yyyy"), Pacientes!$N:$N, "Parcial") -> 0 | E15: =IFERROR(D15/C15,0) -> 0 | F15: =SUMIFS(Pacientes!$O:$O, Pacientes!$W:$W, TEXT(B15,"mm/yyyy")) -> 0 | G15: =IFERROR(F15/D15,0) -> 0
B16: =EDATE(B15,1) -> 46113 | C16: =COUNTIF(Pacientes!$V:$V, TEXT(B16,"mm/yyyy")) -> 0 | D16: =COUNTIFS(Pacientes!$W:$W, TEXT(B16,"mm/yyyy"), Pacientes!$N:$N, "Sim")+COUNTIFS(Pacientes!$W:$W, TEXT(B16,"mm/yyyy"), Pacientes!$N:$N, "Parcial") -> 0 | E16: =IFERROR(D16/C16,0) -> 0 | F16: =SUMIFS(Pacientes!$O:$O, Pacientes!$W:$W, TEXT(B16,"mm/yyyy")) -> 0 | G16: =IFERROR(F16/D16,0) -> 0
B17: =EDATE(B16,1) -> 46143 | C17: =COUNTIF(Pacientes!$V:$V, TEXT(B17,"mm/yyyy")) -> 6 | D17: =COUNTIFS(Pacientes!$W:$W, TEXT(B17,"mm/yyyy"), Pacientes!$N:$N, "Sim")+COUNTIFS(Pacientes!$W:$W, TEXT(B17,"mm/yyyy"), Pacientes!$N:$N, "Parcial") -> 0 | E17: =IFERROR(D17/C17,0) -> 0 | F17: =SUMIFS(Pacientes!$O:$O, Pacientes!$W:$W, TEXT(B17,"mm/yyyy")) -> 0 | G17: =IFERROR(F17/D17,0) -> 0
B18: =EDATE(B17,1) -> 46174 | C18: =COUNTIF(Pacientes!$V:$V, TEXT(B18,"mm/yyyy")) -> 6 | D18: =COUNTIFS(Pacientes!$W:$W, TEXT(B18,"mm/yyyy"), Pacientes!$N:$N, "Sim")+COUNTIFS(Pacientes!$W:$W, TEXT(B18,"mm/yyyy"), Pacientes!$N:$N, "Parcial") -> 0 | E18: =IFERROR(D18/C18,0) -> 0 | F18: =SUMIFS(Pacientes!$O:$O, Pacientes!$W:$W, TEXT(B18,"mm/yyyy")) -> 0 | G18: =IFERROR(F18/D18,0) -> 0
B19: =EDATE(B18,1) -> 46204 | C19: =COUNTIF(Pacientes!$V:$V, TEXT(B19,"mm/yyyy")) -> 13 | D19: =COUNTIFS(Pacientes!$W:$W, TEXT(B19,"mm/yyyy"), Pacientes!$N:$N, "Sim")+COUNTIFS(Pacientes!$W:$W, TEXT(B19,"mm/yyyy"), Pacientes!$N:$N, "Parcial") -> 8 | E19: =IFERROR(D19/C19,0) -> 0.61538462 | F19: =SUMIFS(Pacientes!$O:$O, Pacientes!$W:$W, TEXT(B19,"mm/yyyy")) -> 52075.03 | G19: =IFERROR(F19/D19,0) -> 6509.3787
B20: =EDATE(B19,1) -> 46235 | C20: =COUNTIF(Pacientes!$V:$V, TEXT(B20,"mm/yyyy")) -> 22 | D20: =COUNTIFS(Pacientes!$W:$W, TEXT(B20,"mm/yyyy"), Pacientes!$N:$N, "Sim")+COUNTIFS(Pacientes!$W:$W, TEXT(B20,"mm/yyyy"), Pacientes!$N:$N, "Parcial") -> 8 | E20: =IFERROR(D20/C20,0) -> 0.36363636 | F20: =SUMIFS(Pacientes!$O:$O, Pacientes!$W:$W, TEXT(B20,"mm/yyyy")) -> 81143.35 | G20: =IFERROR(F20/D20,0) -> 10142.919
B21: =EDATE(B20,1) -> 46266 | C21: =COUNTIF(Pacientes!$V:$V, TEXT(B21,"mm/yyyy")) -> 0 | D21: =COUNTIFS(Pacientes!$W:$W, TEXT(B21,"mm/yyyy"), Pacientes!$N:$N, "Sim")+COUNTIFS(Pacientes!$W:$W, TEXT(B21,"mm/yyyy"), Pacientes!$N:$N, "Parcial") -> 0 | E21: =IFERROR(D21/C21,0) -> 0 | F21: =SUMIFS(Pacientes!$O:$O, Pacientes!$W:$W, TEXT(B21,"mm/yyyy")) -> 0 | G21: =IFERROR(F21/D21,0) -> 0
B22: =EDATE(B21,1) -> 46296 | C22: =COUNTIF(Pacientes!$V:$V, TEXT(B22,"mm/yyyy")) -> 0 | D22: =COUNTIFS(Pacientes!$W:$W, TEXT(B22,"mm/yyyy"), Pacientes!$N:$N, "Sim")+COUNTIFS(Pacientes!$W:$W, TEXT(B22,"mm/yyyy"), Pacientes!$N:$N, "Parcial") -> 0 | E22: =IFERROR(D22/C22,0) -> 0 | F22: =SUMIFS(Pacientes!$O:$O, Pacientes!$W:$W, TEXT(B22,"mm/yyyy")) -> 0 | G22: =IFERROR(F22/D22,0) -> 0
B23: =EDATE(B22,1) -> 46327 | C23: =COUNTIF(Pacientes!$V:$V, TEXT(B23,"mm/yyyy")) -> 0 | D23: =COUNTIFS(Pacientes!$W:$W, TEXT(B23,"mm/yyyy"), Pacientes!$N:$N, "Sim")+COUNTIFS(Pacientes!$W:$W, TEXT(B23,"mm/yyyy"), Pacientes!$N:$N, "Parcial") -> 0 | E23: =IFERROR(D23/C23,0) -> 0 | F23: =SUMIFS(Pacientes!$O:$O, Pacientes!$W:$W, TEXT(B23,"mm/yyyy")) -> 0 | G23: =IFERROR(F23/D23,0) -> 0
B24: =EDATE(B23,1) -> 46357 | C24: =COUNTIF(Pacientes!$V:$V, TEXT(B24,"mm/yyyy")) -> 0 | D24: =COUNTIFS(Pacientes!$W:$W, TEXT(B24,"mm/yyyy"), Pacientes!$N:$N, "Sim")+COUNTIFS(Pacientes!$W:$W, TEXT(B24,"mm/yyyy"), Pacientes!$N:$N, "Parcial") -> 0 | E24: =IFERROR(D24/C24,0) -> 0 | F24: =SUMIFS(Pacientes!$O:$O, Pacientes!$W:$W, TEXT(B24,"mm/yyyy")) -> 0 | G24: =IFERROR(F24/D24,0) -> 0
B25: =EDATE(B24,1) -> 46388 | C25: =COUNTIF(Pacientes!$V:$V, TEXT(B25,"mm/yyyy")) -> 0 | D25: =COUNTIFS(Pacientes!$W:$W, TEXT(B25,"mm/yyyy"), Pacientes!$N:$N, "Sim")+COUNTIFS(Pacientes!$W:$W, TEXT(B25,"mm/yyyy"), Pacientes!$N:$N, "Parcial") -> 0 | E25: =IFERROR(D25/C25,0) -> 0 | F25: =SUMIFS(Pacientes!$O:$O, Pacientes!$W:$W, TEXT(B25,"mm/yyyy")) -> 0 | G25: =IFERROR(F25/D25,0) -> 0
B26: =EDATE(B25,1) -> 46419 | C26: =COUNTIF(Pacientes!$V:$V, TEXT(B26,"mm/yyyy")) -> 0 | D26: =COUNTIFS(Pacientes!$W:$W, TEXT(B26,"mm/yyyy"), Pacientes!$N:$N, "Sim")+COUNTIFS(Pacientes!$W:$W, TEXT(B26,"mm/yyyy"), Pacientes!$N:$N, "Parcial") -> 0 | E26: =IFERROR(D26/C26,0) -> 0 | F26: =SUMIFS(Pacientes!$O:$O, Pacientes!$W:$W, TEXT(B26,"mm/yyyy")) -> 0 | G26: =IFERROR(F26/D26,0) -> 0
B27: =EDATE(B26,1) -> 46447 | C27: =COUNTIF(Pacientes!$V:$V, TEXT(B27,"mm/yyyy")) -> 0 | D27: =COUNTIFS(Pacientes!$W:$W, TEXT(B27,"mm/yyyy"), Pacientes!$N:$N, "Sim")+COUNTIFS(Pacientes!$W:$W, TEXT(B27,"mm/yyyy"), Pacientes!$N:$N, "Parcial") -> 0 | E27: =IFERROR(D27/C27,0) -> 0 | F27: =SUMIFS(Pacientes!$O:$O, Pacientes!$W:$W, TEXT(B27,"mm/yyyy")) -> 0 | G27: =IFERROR(F27/D27,0) -> 0
... B32: =EDATE(B31,1) -> 46600 | C32: =COUNTIF(Pacientes!$V:$V, TEXT(B32,"mm/yyyy")) -> 0 | D32: =COUNTIFS(Pacientes!$W:$W, TEXT(B32,"mm/yyyy"), Pacientes!$N:$N, "Sim")+COUNTIFS(Pacientes!$W:$W, TEXT(B32,"mm/yyyy"), Pacientes!$N:$N, "Parcial") -> 0 | E32: =IFERROR(D32/C32,0) -> 0 | F32: =SUMIFS(Pacientes!$O:$O, Pacientes!$W:$W, TEXT(B32,"mm/yyyy")) -> 0 | G32: =IFERROR(F32/D32,0) -> 0
C35: 🔻 Funil de Conversão
B36: Filtro por mês: digite qualquer data dentro do mês desejado na célula abaixo (ex: 01/08/2026). A coluna 'Total Geral' sempre mostra o acumulado de todo o período, independente desse filtro.
B38: Mês selecionado (filtro): | C38: =DATE(YEAR(TODAY()),MONTH(TODAY()),1) -> 46266
B40: Etapa | C40: Total Geral | D40: % do Total (Geral) | E40: Nº no Mês Selecionado | F40: % do Total (Mês)
B41: Novos Pacientes | C41: =COUNTA(Pacientes!$A:$A)-1 -> 52 | D41: =IFERROR(C41/$C$41,0) -> 1 | E41: =COUNTIF(Pacientes!$V:$V, TEXT($C$38,"mm/yyyy")) -> 0 | F41: =IFERROR(E41/$E$41,0) -> 0
B42: Agendados | C42: =COUNTIF(Pacientes!$H:$H,"Sim") -> 48 | D42: =IFERROR(C42/$C$41,0) -> 0.92307692 | E42: =COUNTIFS(Pacientes!$AA:$AA, TEXT($C$38,"mm/yyyy"), Pacientes!$H:$H, "Sim") -> 2 | F42: =IFERROR(E42/$E$41,0) -> 0
B43: Compareceram | C43: =COUNTIF(Pacientes!$J:$J,"Sim") -> 47 | D43: =IFERROR(C43/$C$41,0) -> 0.90384615 | E43: =COUNTIFS(Pacientes!$AA:$AA, TEXT($C$38,"mm/yyyy"), Pacientes!$J:$J, "Sim") -> 2 | F43: =IFERROR(E43/$E$41,0) -> 0
B44: Fechados | C44: =COUNTIF(Pacientes!$N:$N,"Sim")+COUNTIF(Pacientes!$N:$N,"Parcial") -> 17 | D44: =IFERROR(C44/$C$41,0) -> 0.32692308 | E44: =COUNTIFS(Pacientes!$W:$W, TEXT($C$38,"mm/yyyy"), Pacientes!$N:$N, "Sim")+COUNTIFS(Pacientes!$W:$W, TEXT($C$38,"mm/yyyy"), Pacientes!$N:$N, "Parcial") -> 0 | F44: =IFERROR(E44/$E$41,0) -> 0
B46: Obs.: 'Agendados' e 'Compareceram' contam quem já passou por essa etapa em algum momento (não apenas quem está nela agora). Depende de 'Marcou Consulta?' e 'Compareceu?' não serem apagados depois de preenchidos.

Sheet Instruções
B2: CRM Mori Ortodontia — Guia de Uso
B4: Como está organizada esta planilha
B5: • Listas: contém os itens que aparecem nos menus suspensos (origem do lead, responsável, motivo de perda etc). Edite aqui para adicionar/remover opções — os menus se atualizam sozinhos.
B6: • Pacientes (Base de Dados): é a ÚNICA aba onde vocês digitam informação. Cada linha = um paciente, do primeiro contato até o fechamento ou perda. Todas as outras abas só leem esses dados.
B7: • Kanban: visão rápida em formato de quadro, dividida por etapa (Novo Paciente, Consulta Marcada, Não Compareceu, Compareceu, Plano de Tratamento, Fechado, Pendente, Não Precisa no Momento, Perdido). Atualiza sozinha — não edite nada aqui.
B8: • Dashboard: indicadores mês a mês (volume, conversão, ticket médio, valor total). Atualiza sozinho — não edite nada aqui.
B10: Como preencher um novo paciente
B11: 1. Vá até a aba 'Pacientes' e preencha uma nova linha: Nome, Telefone, Email, Origem, Procedimento de Interesse, Responsável e Data do 1º Contato.
B12: 2. Conforme o atendimento evolui, vá preenchendo os campos de Sim/Não (Marcou Consulta, Compareceu, Fez Radiografia, Orçamento Apresentado, Fechou Tratamento) e as respectivas datas/valores.
B13: 3. A coluna 'Status Atual' é calculada automaticamente — não escreva nela.
B14: 4. O paciente aparece e desaparece sozinho das colunas do Kanban conforme o status muda. Não é preciso mover nada manualmente.
B16: Regra de como o Status Atual é calculado (importante)
... B34: • IMPORTANTE: por causa dessa coluna manual, novos pacientes devem SEMPRE ser adicionados no final da aba Pacientes — nunca inserir ou apagar linhas no meio da base. Se uma linha do meio for apagada, a lista de Indicação pode reordenar e o campo 'Quem Indicou' de um paciente ficar associado ao nome errado.

Sheet Listas
A1: Origem do Lead | B1: Responsável | C1: Motivo da Perda | D1: Sim/Não | E1: Sim/Não/Parcial
A2: Instagram | B2: Natalia | C2: Preço | D2: Sim | E2: Sim
A3: já é paciente | B3: Julia | C3: Parou de responder | D3: Não | E3: Não
A4: Google | B4: Mariana | C4: Fechou com concorrente | E4: Pendente
A5: Indicação | C5: Sem orçamento no momento | E5: Não precisa no momento
A6: WhatsApp | C6: Não gostou do tratamento sugerido
A7: Site | C7: Está com outras prioridades
A8: Passou na porta | C8: Retorna mais para frente
